/*
 Navicat Premium Data Transfer

 Source Server         : mysql本地数据库
 Source Server Type    : MySQL
 Source Server Version : 80022
 Source Host           : localhost:3306
 Source Schema         : snowy-layui-pub

 Target Server Type    : MySQL
 Target Server Version : 80022
 File Encoding         : 65001

 Date: 15/04/2021 14:42:37
*/

SET NAMES utf8mb4;
SET FOREIGN_KEY_CHECKS = 0;

-- ----------------------------
-- Table structure for sys_app
-- ----------------------------
DROP TABLE IF EXISTS `sys_app`;
CREATE TABLE `sys_app`  (
  `id` bigint(0) NOT NULL COMMENT '主键id',
  `name` varchar(100) CHARACTER SET utf8mb4 COLLATE utf8mb4_general_ci NOT NULL COMMENT '应用名称',
  `code` varchar(50) CHARACTER SET utf8mb4 COLLATE utf8mb4_general_ci NOT NULL COMMENT '编码',
  `active` varchar(1) CHARACTER SET utf8mb4 COLLATE utf8mb4_general_ci NULL DEFAULT NULL COMMENT '是否默认激活（Y-是，N-否）',
  `status` tinyint(0) NOT NULL COMMENT '状态（字典 0正常 1停用 2删除）',
  `create_time` datetime(0) NULL DEFAULT NULL COMMENT '创建时间',
  `create_user` bigint(0) NULL DEFAULT NULL COMMENT '创建人',
  `update_time` datetime(0) NULL DEFAULT NULL COMMENT '修改时间',
  `update_user` bigint(0) NULL DEFAULT NULL COMMENT '修改人',
  PRIMARY KEY (`id`) USING BTREE
) ENGINE = InnoDB CHARACTER SET = utf8mb4 COLLATE = utf8mb4_general_ci COMMENT = '系统应用表' ROW_FORMAT = Dynamic;

-- ----------------------------
-- Records of sys_app
-- ----------------------------
INSERT INTO `sys_app` VALUES (1265476890672672821, '系统应用', 'system', 'Y', 0, '2020-03-25 19:07:00', 1265476890672672808, '2020-11-24 17:45:28', 1265476890672672808);
INSERT INTO `sys_app` VALUES (1265476890672672822, '业务应用', 'business', 'Y', 2, '2020-03-26 08:40:33', 1265476890672672808, '2020-11-24 11:13:47', 1265476890672672808);
INSERT INTO `sys_app` VALUES (1338863594871304193, '系统工具', 'systool', 'N', 0, '2020-12-15 23:08:51', 1265476890672672808, NULL, NULL);

-- ----------------------------
-- Table structure for sys_area
-- ----------------------------
DROP TABLE IF EXISTS `sys_area`;
CREATE TABLE `sys_area`  (
  `id` bigint(0) UNSIGNED NOT NULL AUTO_INCREMENT,
  `level_code` tinyint(0) UNSIGNED COMMENT '层级',
  `parent_code` varchar(20) CHARACTER SET utf8mb4 COLLATE utf8mb4_general_ci DEFAULT '0' COMMENT '父级行政代码',
  `area_code` varchar(20) CHARACTER SET utf8mb4 COLLATE utf8mb4_general_ci DEFAULT '0' COMMENT '行政代码',
  `zip_code` varchar(6) CHARACTER SET utf8mb4 COLLATE utf8mb4_general_ci DEFAULT '0' COMMENT '邮政编码',
  `city_code` varchar(6) CHARACTER SET utf8mb4 COLLATE utf8mb4_general_ci DEFAULT '' COMMENT '区号',
  `name` varchar(50) CHARACTER SET utf8mb4 COLLATE utf8mb4_general_ci DEFAULT '' COMMENT '名称',
  `short_name` varchar(50) CHARACTER SET utf8mb4 COLLATE utf8mb4_general_ci DEFAULT '' COMMENT '简称',
  `merger_name` varchar(50) CHARACTER SET utf8mb4 COLLATE utf8mb4_general_ci DEFAULT '' COMMENT '组合名',
  `pinyin` varchar(30) CHARACTER SET utf8mb4 COLLATE utf8mb4_general_ci DEFAULT '' COMMENT '拼音',
  `lng` decimal(10, 6) COMMENT '经度',
  `lat` decimal(10, 6) COMMENT '纬度',
  PRIMARY KEY (`id`) USING BTREE,
  UNIQUE INDEX `uk_code`(`area_code`) USING BTREE,
  INDEX `idx_parent_code`(`parent_code`) USING BTREE
) ENGINE = InnoDB AUTO_INCREMENT = 783563 CHARACTER SET = utf8mb4 COLLATE = utf8mb4_general_ci COMMENT = '中国行政地区表' ROW_FORMAT = Dynamic;

-- ----------------------------
-- Records of sys_area
-- ----------------------------

-- ----------------------------
-- Table structure for sys_code_generate
-- ----------------------------
DROP TABLE IF EXISTS `sys_code_generate`;
CREATE TABLE `sys_code_generate`  (
  `id` bigint(0) NOT NULL COMMENT '主键',
  `author_name` varchar(255) CHARACTER SET utf8mb4 COLLATE utf8mb4_general_ci NOT NULL COMMENT '作者姓名',
  `class_name` varchar(255) CHARACTER SET utf8mb4 COLLATE utf8mb4_general_ci NOT NULL COMMENT '类名',
  `table_prefix` varchar(255) CHARACTER SET utf8mb4 COLLATE utf8mb4_general_ci NOT NULL COMMENT '是否移除表前缀',
  `generate_type` varchar(255) CHARACTER SET utf8mb4 COLLATE utf8mb4_general_ci NOT NULL COMMENT '生成位置类型',
  `table_name` varchar(255) CHARACTER SET utf8mb4 COLLATE utf8mb4_general_ci NOT NULL COMMENT '数据库表名',
  `package_name` varchar(255) CHARACTER SET utf8mb4 COLLATE utf8mb4_general_ci NULL DEFAULT NULL COMMENT '包名称',
  `bus_name` varchar(255) CHARACTER SET utf8mb4 COLLATE utf8mb4_general_ci NULL DEFAULT NULL COMMENT '业务名',
  `table_comment` varchar(255) CHARACTER SET utf8mb4 COLLATE utf8mb4_general_ci NULL DEFAULT NULL COMMENT '功能名',
  `create_user` bigint(0) NULL DEFAULT NULL COMMENT '创建人',
  `create_time` datetime(0) NULL DEFAULT NULL COMMENT '创建时间',
  `update_user` bigint(0) NULL DEFAULT NULL COMMENT '更新人',
  `update_time` datetime(0) NULL DEFAULT NULL COMMENT '更新时间',
  PRIMARY KEY (`id`) USING BTREE
) ENGINE = InnoDB CHARACTER SET = utf8mb4 COLLATE = utf8mb4_general_ci COMMENT = '代码生成基础配置' ROW_FORMAT = Dynamic;

-- ----------------------------
-- Records of sys_code_generate
-- ----------------------------

-- ----------------------------
-- Table structure for sys_code_generate_config
-- ----------------------------
DROP TABLE IF EXISTS `sys_code_generate_config`;
CREATE TABLE `sys_code_generate_config`  (
  `id` bigint(0) NOT NULL COMMENT '主键',
  `code_gen_id` bigint(0) NULL DEFAULT NULL COMMENT '代码生成主表ID',
  `column_name` varchar(255) CHARACTER SET utf8mb4 COLLATE utf8mb4_general_ci NULL DEFAULT NULL COMMENT '数据库字段名',
  `java_name` varchar(255) CHARACTER SET utf8mb4 COLLATE utf8mb4_general_ci NULL DEFAULT NULL COMMENT 'java类字段名',
  `data_type` varchar(255) CHARACTER SET utf8mb4 COLLATE utf8mb4_general_ci NULL DEFAULT NULL COMMENT '物理类型',
  `column_comment` varchar(255) CHARACTER SET utf8mb4 COLLATE utf8mb4_general_ci NULL DEFAULT NULL COMMENT '字段描述',
  `java_type` varchar(255) CHARACTER SET utf8mb4 COLLATE utf8mb4_general_ci NULL DEFAULT NULL COMMENT 'java类型',
  `effect_type` varchar(255) CHARACTER SET utf8mb4 COLLATE utf8mb4_general_ci NULL DEFAULT NULL COMMENT '作用类型（字典）',
  `dict_type_code` varchar(255) CHARACTER SET utf8mb4 COLLATE utf8mb4_general_ci NULL DEFAULT NULL COMMENT '字典code',
  `whether_table` varchar(255) CHARACTER SET utf8mb4 COLLATE utf8mb4_general_ci NULL DEFAULT NULL COMMENT '列表展示',
  `whether_add_update` varchar(255) CHARACTER SET utf8mb4 COLLATE utf8mb4_general_ci NULL DEFAULT NULL COMMENT '增改',
  `whether_retract` varchar(255) CHARACTER SET utf8mb4 COLLATE utf8mb4_general_ci NULL DEFAULT NULL COMMENT '列表是否缩进（字典）',
  `whether_required` varchar(255) CHARACTER SET utf8mb4 COLLATE utf8mb4_general_ci NULL DEFAULT NULL COMMENT '是否必填（字典）',
  `query_whether` varchar(255) CHARACTER SET utf8mb4 COLLATE utf8mb4_general_ci NULL DEFAULT NULL COMMENT '是否是查询条件',
  `query_type` varchar(255) CHARACTER SET utf8mb4 COLLATE utf8mb4_general_ci NULL DEFAULT NULL COMMENT '查询方式',
  `column_key` varchar(255) CHARACTER SET utf8mb4 COLLATE utf8mb4_general_ci NULL DEFAULT NULL COMMENT '主键',
  `column_key_name` varchar(255) CHARACTER SET utf8mb4 COLLATE utf8mb4_general_ci NULL DEFAULT NULL COMMENT '主外键名称',
  `whether_common` varchar(255) CHARACTER SET utf8mb4 COLLATE utf8mb4_general_ci NULL DEFAULT NULL COMMENT '是否是通用字段',
  `create_time` datetime(0) NULL DEFAULT NULL COMMENT '创建时间',
  `create_user` bigint(0) NULL DEFAULT NULL COMMENT '创建人',
  `update_time` datetime(0) NULL DEFAULT NULL COMMENT '修改时间',
  `update_user` bigint(0) NULL DEFAULT NULL COMMENT '修改人',
  PRIMARY KEY (`id`) USING BTREE
) ENGINE = InnoDB CHARACTER SET = utf8mb4 COLLATE = utf8mb4_general_ci COMMENT = '代码生成详细配置' ROW_FORMAT = Dynamic;

-- ----------------------------
-- Records of sys_code_generate_config
-- ----------------------------

-- ----------------------------
-- Table structure for sys_config
-- ----------------------------
DROP TABLE IF EXISTS `sys_config`;
CREATE TABLE `sys_config`  (
  `id` bigint(0) NOT NULL COMMENT '主键',
  `name` varchar(100) CHARACTER SET utf8mb4 COLLATE utf8mb4_general_ci NOT NULL COMMENT '名称',
  `code` varchar(50) CHARACTER SET utf8mb4 COLLATE utf8mb4_general_ci NOT NULL COMMENT '编码',
  `value` varchar(255) CHARACTER SET utf8mb4 COLLATE utf8mb4_general_ci NOT NULL COMMENT '值',
  `sys_flag` char(1) CHARACTER SET utf8mb4 COLLATE utf8mb4_general_ci NOT NULL COMMENT '是否是系统参数（Y-是，N-否）',
  `remark` varchar(255) CHARACTER SET utf8mb4 COLLATE utf8mb4_general_ci NULL DEFAULT NULL COMMENT '备注',
  `status` tinyint(0) NOT NULL COMMENT '状态（字典 0正常 1停用 2删除）',
  `group_code` varchar(255) CHARACTER SET utf8mb4 COLLATE utf8mb4_general_ci NOT NULL DEFAULT 'DEFAULT' COMMENT '常量所属分类的编码，来自于“常量的分类”字典',
  `create_time` datetime(0) NULL DEFAULT NULL COMMENT '创建时间',
  `create_user` bigint(0) NULL DEFAULT NULL COMMENT '创建人',
  `update_time` datetime(0) NULL DEFAULT NULL COMMENT '更新时间',
  `update_user` bigint(0) NULL DEFAULT NULL COMMENT '更新人',
  PRIMARY KEY (`id`) USING BTREE
) ENGINE = InnoDB CHARACTER SET = utf8mb4 COLLATE = utf8mb4_general_ci COMMENT = '系统参数配置表' ROW_FORMAT = Dynamic;

-- ----------------------------
-- Records of sys_config
-- ----------------------------
INSERT INTO `sys_config` VALUES (1265117443880853506, 'jwt密钥', 'SNOWY_JWT_SECRET', 'snowy', 'Y', '（重要）jwt密钥，默认为空，自行设置', 0, 'DEFAULT', '2020-05-26 06:35:19', 1265476890672672808, NULL, NULL);
INSERT INTO `sys_config` VALUES (1265117443880853507, '默认密码', 'SNOWY_DEFAULT_PASSWORD', '123456', 'Y', '默认密码', 0, 'DEFAULT', '2020-05-26 06:37:56', 1265476890672672808, NULL, NULL);
INSERT INTO `sys_config` VALUES (1265117443880853508, 'token过期时间', 'SNOWY_TOKEN_EXPIRE', '86400', 'Y', 'token过期时间（单位：秒）', 0, 'DEFAULT', '2020-05-27 11:54:49', 1265476890672672808, NULL, NULL);
INSERT INTO `sys_config` VALUES (1265117443880853509, 'session会话过期时间', 'SNOWY_SESSION_EXPIRE', '7200', 'Y', 'session会话过期时间（单位：秒）', 0, 'DEFAULT', '2020-05-27 11:54:49', 1265476890672672808, NULL, NULL);
INSERT INTO `sys_config` VALUES (1265117443880853519, '阿里云短信keyId', 'SNOWY_ALIYUN_SMS_ACCESSKEY_ID', '你的keyId', 'Y', '阿里云短信keyId', 0, 'ALIYUN_SMS', '2020-06-07 16:27:11', 1265476890672672808, NULL, NULL);
INSERT INTO `sys_config` VALUES (1269547042242371585, '阿里云短信secret', 'SNOWY_ALIYUN_SMS_ACCESSKEY_SECRET', '你的secret', 'Y', '阿里云短信secret', 0, 'ALIYUN_SMS', '2020-06-07 16:29:37', 1265476890672672808, NULL, NULL);
INSERT INTO `sys_config` VALUES (1269547130041737217, '阿里云短信签名', 'SNOWY_ALIYUN_SMS_SIGN_NAME', 'Snowy快速开发平台', 'Y', '阿里云短信签名', 0, 'ALIYUN_SMS', '2020-06-07 16:29:58', 1265476890672672808, NULL, NULL);
INSERT INTO `sys_config` VALUES (1269547279530926081, '阿里云短信-登录模板号', 'SNOWY_ALIYUN_SMS_LOGIN_TEMPLATE_CODE', 'SMS_1877123456', 'Y', '阿里云短信-登录模板号', 0, 'ALIYUN_SMS', '2020-06-07 16:30:33', 1265476890672672808, NULL, NULL);
INSERT INTO `sys_config` VALUES (1269547410879750145, '阿里云短信默认失效时间', 'SNOWY_ALIYUN_SMS_INVALIDATE_MINUTES', '5', 'Y', '阿里云短信默认失效时间（单位：分钟）', 0, 'ALIYUN_SMS', '2020-06-07 16:31:04', 1265476890672672808, NULL, NULL);
INSERT INTO `sys_config` VALUES (1269575927357071361, '腾讯云短信secretId', 'SNOWY_TENCENT_SMS_SECRET_ID', '你的secretId', 'Y', '腾讯云短信secretId', 0, 'TENCENT_SMS', '2020-06-07 18:24:23', 1265476890672672808, NULL, NULL);
INSERT INTO `sys_config` VALUES (1269575991693500418, '腾讯云短信secretKey', 'SNOWY_TENCENT_SMS_SECRET_KEY', '你的secretkey', 'Y', '腾讯云短信secretKey', 0, 'TENCENT_SMS', '2020-06-07 18:24:39', 1265476890672672808, NULL, NULL);
INSERT INTO `sys_config` VALUES (1269576044084551682, '腾讯云短信sdkAppId', 'SNOWY_TENCENT_SMS_SDK_APP_ID', '1400375123', 'Y', '腾讯云短信sdkAppId', 0, 'TENCENT_SMS', '2020-06-07 18:24:51', 1265476890672672808, NULL, NULL);
INSERT INTO `sys_config` VALUES (1269576089294954497, '腾讯云短信签名', 'SNOWY_TENCENT_SMS_SIGN', 'Snowy快速开发平台', 'Y', '腾讯云短信签名', 0, 'TENCENT_SMS', '2020-06-07 18:25:02', 1265476890672672808, NULL, NULL);
INSERT INTO `sys_config` VALUES (1270378172860403713, '邮箱host', 'SNOWY_EMAIL_HOST', 'smtp.126.com', 'Y', '邮箱host', 0, 'EMAIL', '2020-06-09 23:32:14', 1265476890672672808, NULL, NULL);
INSERT INTO `sys_config` VALUES (1270378295543795714, '邮箱用户名', 'SNOWY_EMAIL_USERNAME', 'test@126.com', 'Y', '邮箱用户名', 0, 'EMAIL', '2020-06-09 23:32:43', 1265476890672672808, NULL, NULL);
INSERT INTO `sys_config` VALUES (1270378340510928897, '邮箱密码', 'SNOWY_EMAIL_PASSWORD', '你的邮箱密码', 'Y', '邮箱密码', 0, 'EMAIL', '2020-06-09 23:32:54', 1265476890672672808, NULL, NULL);
INSERT INTO `sys_config` VALUES (1270378527358783489, '邮箱端口', 'SNOWY_EMAIL_PORT', '465', 'Y', '邮箱端口', 0, 'EMAIL', '2020-06-09 23:33:38', 1265476890672672808, NULL, NULL);
INSERT INTO `sys_config` VALUES (1270378790035460097, '邮箱是否开启ssl', 'SNOWY_EMAIL_SSL', 'true', 'Y', '邮箱是否开启ssl', 0, 'EMAIL', '2020-06-09 23:34:41', 1265476890672672808, NULL, NULL);
INSERT INTO `sys_config` VALUES (1270380786649972737, '邮箱发件人', 'SNOWY_EMAIL_FROM', 'test@126.com', 'Y', '邮箱发件人', 0, 'EMAIL', '2020-06-09 23:42:37', 1265476890672672808, NULL, NULL);
INSERT INTO `sys_config` VALUES (1270380786649972738, 'win本地上传文件路径', 'SNOWY_FILE_UPLOAD_PATH_FOR_WINDOWS', 'd:/tmp', 'Y', 'win本地上传文件路径', 0, 'FILE_PATH', '2020-06-09 23:42:37', 1265476890672672808, NULL, NULL);
INSERT INTO `sys_config` VALUES (1270380786649972739, 'linux/mac本地上传文件路径', 'SNOWY_FILE_UPLOAD_PATH_FOR_LINUX', '/tmp', 'Y', 'linux/mac本地上传文件路径', 0, 'FILE_PATH', '2020-06-09 23:42:37', 1265476890672672808, NULL, NULL);
INSERT INTO `sys_config` VALUES (1270380786649982740, 'Snowy演示环境', 'SNOWY_DEMO_ENV_FLAG', 'false', 'Y', 'Snowy演示环境的开关，true-打开，false-关闭，如果演示环境开启，则只能读数据不能写数据', 0, 'DEFAULT', '2020-06-09 23:42:37', 1265476890672672808, '2021-01-22 17:50:33', 1265476890672672808);
INSERT INTO `sys_config` VALUES (1270380786649982741, 'Snowy放开XSS过滤的接口', 'SNOWY_UN_XSS_FILTER_URL', '/demo/xssfilter,/demo/unxss', 'Y', '多个url可以用英文逗号隔开', 0, 'DEFAULT', '2020-06-09 23:42:37', 1265476890672672808, NULL, NULL);
INSERT INTO `sys_config` VALUES (1270380786649982742, '单用户登陆的开关', 'SNOWY_ENABLE_SINGLE_LOGIN', 'false', 'Y', '单用户登陆的开关，true-打开，false-关闭，如果一个人登录两次，就会将上一次登陆挤下去', 0, 'DEFAULT', '2020-06-09 23:42:37', 1265476890672672808, NULL, NULL);
INSERT INTO `sys_config` VALUES (1280694281648070659, '阿里云定位api接口地址', 'SNOWY_IP_GEO_API', 'http://api01.aliyun.venuscn.com/ip?ip=%s', 'Y', '阿里云定位api接口地址', 0, 'DEFAULT', '2020-07-20 10:44:46', 1265476890672672808, NULL, NULL);
INSERT INTO `sys_config` VALUES (1280694281648070660, '阿里云定位appCode', 'SNOWY_IP_GEO_APP_CODE', '461535aabeae4f34861884d392f5d452', 'Y', '阿里云定位appCode', 0, 'DEFAULT', '2020-07-20 10:44:46', 1265476890672672808, NULL, NULL);
INSERT INTO `sys_config` VALUES (1288309751255412737, 'Oauth用户登录的开关', 'SNOWY_ENABLE_OAUTH_LOGIN', 'false', 'Y', 'Oauth用户登录的开关', 0, 'OAUTH', '2020-07-29 11:05:55', 1265476890672672808, NULL, NULL);
INSERT INTO `sys_config` VALUES (1288310043346743297, 'Oauth码云登录ClientId', 'SNOWY_OAUTH_GITEE_CLIENT_ID', '你的clientId', 'Y', 'Oauth码云登录ClientId', 0, 'OAUTH', '2020-07-29 11:07:05', 1265476890672672808, NULL, NULL);
INSERT INTO `sys_config` VALUES (1288310157876408321, 'Oauth码云登录ClientSecret', 'SNOWY_OAUTH_GITEE_CLIENT_SECRET', '你的clientSecret', 'Y', 'Oauth码云登录ClientSecret', 0, 'OAUTH', '2020-07-29 11:07:32', 1265476890672672808, NULL, NULL);
INSERT INTO `sys_config` VALUES (1288310280056483841, 'Oauth码云登录回调地址', 'SNOWY_OAUTH_GITEE_REDIRECT_URI', 'http://127.0.0.1:81/oauth/callback/gitee', 'Y', 'Oauth码云登录回调地址', 0, 'OAUTH', '2020-07-29 11:08:01', 1265476890672672808, NULL, NULL);
INSERT INTO `sys_config` VALUES (1288358228593221636, '是否开启验证码', 'SNOWY_CAPTCHA_OPEN', 'true', 'Y', '是否开启验证码', 0, 'DEFAULT', '2020-09-03 17:45:58', 1265476890672672808, '2020-09-23 22:23:38', 1265476890672672808);
INSERT INTO `sys_config` VALUES (1375337991869853697, 'OnlyOffice服务地址', 'SNOWY_ONLY_OFFICE_SERVICE_URL', 'http://82.156.81.108:9001', 'Y', 'OnlyOffice服务地址，开发时请使用局域网内地址', 0, 'DEFAULT', '2021-03-26 14:45:04', 1265476890672672808, '2021-03-26 14:51:44', 1265476890672672808);

-- ----------------------------
-- Table structure for sys_dict_data
-- ----------------------------
DROP TABLE IF EXISTS `sys_dict_data`;
CREATE TABLE `sys_dict_data`  (
  `id` bigint(0) NOT NULL COMMENT '主键',
  `type_id` bigint(0) NOT NULL COMMENT '字典类型id',
  `value` text CHARACTER SET utf8mb4 COLLATE utf8mb4_general_ci NOT NULL COMMENT '值',
  `code` varchar(50) CHARACTER SET utf8mb4 COLLATE utf8mb4_general_ci NOT NULL COMMENT '编码',
  `sort` int(0) NOT NULL COMMENT '排序',
  `remark` varchar(255) CHARACTER SET utf8mb4 COLLATE utf8mb4_general_ci NULL DEFAULT NULL COMMENT '备注',
  `status` tinyint(0) NOT NULL COMMENT '状态（字典 0正常 1停用 2删除）',
  `create_time` datetime(0) NULL DEFAULT NULL COMMENT '创建时间',
  `create_user` bigint(0) NULL DEFAULT NULL COMMENT '创建人',
  `update_time` datetime(0) NULL DEFAULT NULL COMMENT '更新时间',
  `update_user` bigint(0) NULL DEFAULT NULL COMMENT '更新人',
  PRIMARY KEY (`id`) USING BTREE
) ENGINE = InnoDB CHARACTER SET = utf8mb4 COLLATE = utf8mb4_general_ci COMMENT = '系统字典值表' ROW_FORMAT = Dynamic;

-- ----------------------------
-- Records of sys_dict_data
-- ----------------------------
INSERT INTO `sys_dict_data` VALUES (1265216536659087357, 1265216211667636234, '男', '1', 100, '男性', 0, '2020-04-01 10:23:29', 1265476890672672808, NULL, NULL);
INSERT INTO `sys_dict_data` VALUES (1265216536659087358, 1265216211667636234, '女', '2', 100, '女性', 0, '2020-04-01 10:23:49', 1265476890672672808, NULL, NULL);
INSERT INTO `sys_dict_data` VALUES (1265216536659087359, 1265216211667636234, '未知', '3', 100, '未知性别', 0, '2020-04-01 10:24:01', 1265476890672672808, NULL, NULL);
INSERT INTO `sys_dict_data` VALUES (1265216536659087361, 1265216211667636235, '默认常量', 'DEFAULT', 100, '默认常量，都以SNOWY_开头的', 0, '2020-04-14 23:25:45', 1265476890672672808, NULL, NULL);
INSERT INTO `sys_dict_data` VALUES (1265216536659087363, 1265216211667636235, '阿里云短信', 'ALIYUN_SMS', 100, '阿里云短信配置', 0, '2020-04-14 23:25:45', 1265476890672672808, NULL, NULL);
INSERT INTO `sys_dict_data` VALUES (1265216536659087364, 1265216211667636235, '腾讯云短信', 'TENCENT_SMS', 100, '腾讯云短信', 0, '2020-04-14 23:25:45', 1265476890672672808, NULL, NULL);
INSERT INTO `sys_dict_data` VALUES (1265216536659087365, 1265216211667636235, '邮件配置', 'EMAIL', 100, '邮箱配置', 0, '2020-04-14 23:25:45', 1265476890672672808, NULL, NULL);
INSERT INTO `sys_dict_data` VALUES (1265216536659087366, 1265216211667636235, '文件上传路径', 'FILE_PATH', 100, '文件上传路径', 0, '2020-04-14 23:25:45', 1265476890672672808, NULL, NULL);
INSERT INTO `sys_dict_data` VALUES (1265216536659087367, 1265216211667636235, 'Oauth配置', 'OAUTH', 100, 'Oauth配置', 0, '2020-04-14 23:25:45', 1265476890672672808, NULL, NULL);
INSERT INTO `sys_dict_data` VALUES (1265216617500102656, 1265216211667636226, '正常', '0', 100, '正常', 0, '2020-05-26 17:41:44', 1265476890672672808, NULL, NULL);
INSERT INTO `sys_dict_data` VALUES (1265216617500102657, 1265216211667636226, '停用', '1', 100, '停用', 0, '2020-05-26 17:42:03', 1265476890672672808, NULL, NULL);
INSERT INTO `sys_dict_data` VALUES (1265216938389524482, 1265216211667636226, '删除', '2', 100, '删除', 0, '2020-05-26 17:43:19', 1265476890672672808, '2020-12-02 14:14:06', 1265476890672672808);
INSERT INTO `sys_dict_data` VALUES (1265217669028892673, 1265217074079453185, '否', 'N', 100, '否', 0, '2020-05-26 17:46:14', 1265476890672672808, NULL, NULL);
INSERT INTO `sys_dict_data` VALUES (1265217706584690689, 1265217074079453185, '是', 'Y', 100, '是', 0, '2020-05-26 17:46:23', 1265476890672672808, NULL, NULL);
INSERT INTO `sys_dict_data` VALUES (1265220776437731330, 1265217846770913282, '登录', '1', 100, '登录', 0, '2020-05-26 17:58:34', 1265476890672672808, NULL, NULL);
INSERT INTO `sys_dict_data` VALUES (1265220806070489090, 1265217846770913282, '登出', '2', 100, '登出', 0, '2020-05-26 17:58:41', 1265476890672672808, NULL, NULL);
INSERT INTO `sys_dict_data` VALUES (1265221129564573697, 1265221049302372354, '目录', '0', 100, '目录', 0, '2020-05-26 17:59:59', 1265476890672672808, NULL, NULL);
INSERT INTO `sys_dict_data` VALUES (1265221163119005697, 1265221049302372354, '菜单', '1', 100, '菜单', 0, '2020-05-26 18:00:07', 1265476890672672808, NULL, NULL);
INSERT INTO `sys_dict_data` VALUES (1265221188091891713, 1265221049302372354, '按钮', '2', 100, '按钮', 0, '2020-05-26 18:00:13', 1265476890672672808, NULL, NULL);
INSERT INTO `sys_dict_data` VALUES (1265466389204967426, 1265466149622128641, '未发送', '0', 100, '未发送', 0, '2020-05-27 10:14:33', 1265476890672672808, NULL, NULL);
INSERT INTO `sys_dict_data` VALUES (1265466432670539778, 1265466149622128641, '发送成功', '1', 100, '发送成功', 0, '2020-05-27 10:14:43', 1265476890672672808, NULL, NULL);
INSERT INTO `sys_dict_data` VALUES (1265466486097584130, 1265466149622128641, '发送失败', '2', 100, '发送失败', 0, '2020-05-27 10:14:56', 1265476890672672808, NULL, NULL);
INSERT INTO `sys_dict_data` VALUES (1265466530477514754, 1265466149622128641, '失效', '3', 100, '失效', 0, '2020-05-27 10:15:07', 1265476890672672808, NULL, NULL);
INSERT INTO `sys_dict_data` VALUES (1265466835009150978, 1265466752209395713, '无', '0', 100, '无', 0, '2020-05-27 10:16:19', 1265476890672672808, NULL, NULL);
INSERT INTO `sys_dict_data` VALUES (1265466874758569986, 1265466752209395713, '组件', '1', 100, '组件', 0, '2020-05-27 10:16:29', 1265476890672672808, NULL, NULL);
INSERT INTO `sys_dict_data` VALUES (1265466925476093953, 1265466752209395713, '内链', '2', 100, '内链', 0, '2020-05-27 10:16:41', 1265476890672672808, NULL, NULL);
INSERT INTO `sys_dict_data` VALUES (1265466962209808385, 1265466752209395713, '外链', '3', 100, '外链', 0, '2020-05-27 10:16:50', 1265476890672672808, NULL, NULL);
INSERT INTO `sys_dict_data` VALUES (1265467428423475202, 1265467337566461954, '系统权重', '1', 100, '系统权重', 0, '2020-05-27 10:18:41', 1265476890672672808, NULL, NULL);
INSERT INTO `sys_dict_data` VALUES (1265467503090475009, 1265467337566461954, '业务权重', '2', 100, '业务权重', 0, '2020-05-27 10:18:59', 1265476890672672808, NULL, NULL);
INSERT INTO `sys_dict_data` VALUES (1265468138431062018, 1265468028632571905, '全部数据', '1', 100, '全部数据', 0, '2020-05-27 10:21:30', 1265476890672672808, NULL, NULL);
INSERT INTO `sys_dict_data` VALUES (1265468194928336897, 1265468028632571905, '本部门及以下数据', '2', 100, '本部门及以下数据', 0, '2020-05-27 10:21:44', 1265476890672672808, NULL, NULL);
INSERT INTO `sys_dict_data` VALUES (1265468241992622082, 1265468028632571905, '本部门数据', '3', 100, '本部门数据', 0, '2020-05-27 10:21:55', 1265476890672672808, NULL, NULL);
INSERT INTO `sys_dict_data` VALUES (1265468273634451457, 1265468028632571905, '仅本人数据', '4', 100, '仅本人数据', 0, '2020-05-27 10:22:02', 1265476890672672808, NULL, NULL);
INSERT INTO `sys_dict_data` VALUES (1265468302046666753, 1265468028632571905, '自定义数据', '5', 100, '自定义数据', 0, '2020-05-27 10:22:09', 1265476890672672808, NULL, NULL);
INSERT INTO `sys_dict_data` VALUES (1265468508100239362, 1265468437904367618, 'app', '1', 100, 'app', 0, '2020-05-27 10:22:58', 1265476890672672808, NULL, NULL);
INSERT INTO `sys_dict_data` VALUES (1265468543433056258, 1265468437904367618, 'pc', '2', 100, 'pc', 0, '2020-05-27 10:23:07', 1265476890672672808, NULL, NULL);
INSERT INTO `sys_dict_data` VALUES (1265468576874242050, 1265468437904367618, '其他', '3', 100, '其他', 0, '2020-05-27 10:23:15', 1265476890672672808, NULL, NULL);
INSERT INTO `sys_dict_data` VALUES (1275617233011335170, 1275617093517172738, '其它', '0', 100, '其它', 0, '2020-06-24 10:30:23', 1265476890672672808, NULL, NULL);
INSERT INTO `sys_dict_data` VALUES (1275617295355469826, 1275617093517172738, '增加', '1', 100, '增加', 0, '2020-06-24 10:30:38', 1265476890672672808, NULL, NULL);
INSERT INTO `sys_dict_data` VALUES (1275617348610547714, 1275617093517172738, '删除', '2', 100, '删除', 0, '2020-06-24 10:30:50', 1265476890672672808, NULL, NULL);
INSERT INTO `sys_dict_data` VALUES (1275617395515449346, 1275617093517172738, '编辑', '3', 100, '编辑', 0, '2020-06-24 10:31:02', 1265476890672672808, NULL, NULL);
INSERT INTO `sys_dict_data` VALUES (1275617433612312577, 1275617093517172738, '更新', '4', 100, '更新', 0, '2020-06-24 10:31:11', 1265476890672672808, NULL, NULL);
INSERT INTO `sys_dict_data` VALUES (1275617472707420161, 1275617093517172738, '查询', '5', 100, '查询', 0, '2020-06-24 10:31:20', 1265476890672672808, NULL, NULL);
INSERT INTO `sys_dict_data` VALUES (1275617502973517826, 1275617093517172738, '详情', '6', 100, '详情', 0, '2020-06-24 10:31:27', 1265476890672672808, NULL, NULL);
INSERT INTO `sys_dict_data` VALUES (1275617536959963137, 1275617093517172738, '树', '7', 100, '树', 0, '2020-06-24 10:31:35', 1265476890672672808, NULL, NULL);
INSERT INTO `sys_dict_data` VALUES (1275617619524837377, 1275617093517172738, '导入', '8', 100, '导入', 0, '2020-06-24 10:31:55', 1265476890672672808, NULL, NULL);
INSERT INTO `sys_dict_data` VALUES (1275617651816783873, 1275617093517172738, '导出', '9', 100, '导出', 0, '2020-06-24 10:32:03', 1265476890672672808, NULL, NULL);
INSERT INTO `sys_dict_data` VALUES (1275617683475390465, 1275617093517172738, '授权', '10', 100, '授权', 0, '2020-06-24 10:32:10', 1265476890672672808, NULL, NULL);
INSERT INTO `sys_dict_data` VALUES (1275617709928865793, 1275617093517172738, '强退', '11', 100, '强退', 0, '2020-06-24 10:32:17', 1265476890672672808, NULL, NULL);
INSERT INTO `sys_dict_data` VALUES (1275617739091861505, 1275617093517172738, '清空', '12', 100, '清空', 0, '2020-06-24 10:32:23', 1265476890672672808, NULL, NULL);
INSERT INTO `sys_dict_data` VALUES (1275617788601425921, 1275617093517172738, '修改状态', '13', 100, '修改状态', 0, '2020-06-24 10:32:35', 1265476890672672808, NULL, NULL);
INSERT INTO `sys_dict_data` VALUES (1277774590944317441, 1277774529430654977, '阿里云', '1', 100, '阿里云', 0, '2020-06-30 09:22:57', 1265476890672672808, NULL, NULL);
INSERT INTO `sys_dict_data` VALUES (1277774666055913474, 1277774529430654977, '腾讯云', '2', 100, '腾讯云', 0, '2020-06-30 09:23:15', 1265476890672672808, NULL, NULL);
INSERT INTO `sys_dict_data` VALUES (1277774695168577538, 1277774529430654977, 'minio', '3', 100, 'minio', 0, '2020-06-30 09:23:22', 1265476890672672808, NULL, NULL);
INSERT INTO `sys_dict_data` VALUES (1277774726835572737, 1277774529430654977, '本地', '4', 100, '本地', 0, '2020-06-30 09:23:29', 1265476890672672808, NULL, NULL);
INSERT INTO `sys_dict_data` VALUES (1278607123583868929, 1278606951432855553, '运行', '1', 100, '运行', 0, '2020-07-02 16:31:08', 1265476890672672808, NULL, NULL);
INSERT INTO `sys_dict_data` VALUES (1278607162943217666, 1278606951432855553, '停止', '2', 100, '停止', 0, '2020-07-02 16:31:18', 1265476890672672808, NULL, NULL);
INSERT INTO `sys_dict_data` VALUES (1278939265862004738, 1278911800547147777, '通知', '1', 100, '通知', 0, '2020-07-03 14:30:57', 1265476890672672808, NULL, NULL);
INSERT INTO `sys_dict_data` VALUES (1278939319922388994, 1278911800547147777, '公告', '2', 100, '公告', 0, '2020-07-03 14:31:10', 1265476890672672808, NULL, NULL);
INSERT INTO `sys_dict_data` VALUES (1278939399001796609, 1278911952657776642, '草稿', '0', 100, '草稿', 0, '2020-07-03 14:31:29', 1265476890672672808, NULL, NULL);
INSERT INTO `sys_dict_data` VALUES (1278939432686252034, 1278911952657776642, '发布', '1', 100, '发布', 0, '2020-07-03 14:31:37', 1265476890672672808, NULL, NULL);
INSERT INTO `sys_dict_data` VALUES (1278939458804183041, 1278911952657776642, '撤回', '2', 100, '撤回', 0, '2020-07-03 14:31:43', 1265476890672672808, NULL, NULL);
INSERT INTO `sys_dict_data` VALUES (1278939485878415362, 1278911952657776642, '删除', '3', 100, '删除', 0, '2020-07-03 14:31:50', 1265476890672672808, NULL, NULL);
INSERT INTO `sys_dict_data` VALUES (1291390260160299009, 1291390159941599233, '是', 'true', 100, '是', 2, '2020-08-06 23:06:46', 1265476890672672808, NULL, NULL);
INSERT INTO `sys_dict_data` VALUES (1291390315437031426, 1291390159941599233, '否', 'false', 100, '否', 2, '2020-08-06 23:06:59', 1265476890672672808, NULL, NULL);
INSERT INTO `sys_dict_data` VALUES (1334692875968200706, 1334692775158104065, '未读', '0', 100, '未读', 0, '2020-12-04 10:55:54', 1265476890672672808, NULL, NULL);
INSERT INTO `sys_dict_data` VALUES (1334692932540973057, 1334692775158104065, '已读', '1', 100, '已读', 0, '2020-12-04 10:56:07', 1265476890672672808, NULL, NULL);
INSERT INTO `sys_dict_data` VALUES (1340987649476034562, 1340987441098817537, '下载压缩包', '1', 1, '下载压缩包', 0, '2020-12-21 19:49:05', 1265476890672672808, NULL, NULL);
INSERT INTO `sys_dict_data` VALUES (1340987713699217410, 1340987441098817537, '生成到本地项目', '2', 2, '本地项目', 0, '2020-12-21 19:49:20', 1265476890672672808, '2020-12-21 20:30:32', 1265476890672672808);
INSERT INTO `sys_dict_data` VALUES (1358094655567454210, 1358094419419750401, '输入框', 'input', 100, '输入框', 0, '2021-02-07 00:46:13', 1265476890672672808, '2021-02-08 01:01:28', 1265476890672672808);
INSERT INTO `sys_dict_data` VALUES (1358094740510498817, 1358094419419750401, '时间选择', 'datepicker', 100, '时间选择', 0, '2021-02-07 00:46:33', 1265476890672672808, '2021-02-08 01:04:07', 1265476890672672808);
INSERT INTO `sys_dict_data` VALUES (1358094793149014017, 1358094419419750401, '下拉框', 'select', 100, '下拉框', 0, '2021-02-07 00:46:46', 1265476890672672808, NULL, NULL);
INSERT INTO `sys_dict_data` VALUES (1358095496009506817, 1358094419419750401, '单选框', 'radio', 100, '单选框', 0, '2021-02-07 00:49:33', 1265476890672672808, NULL, NULL);
INSERT INTO `sys_dict_data` VALUES (1358095673084633090, 1358094419419750401, '开关', 'switch', 100, '开关', 2, '2021-02-07 00:50:15', 1265476890672672808, '2021-02-11 19:07:18', 1265476890672672808);
INSERT INTO `sys_dict_data` VALUES (1358458689433190402, 1358457818733428737, '等于', 'eq', 1, '等于', 0, '2021-02-08 00:52:45', 1265476890672672808, '2021-02-13 23:35:36', 1265476890672672808);
INSERT INTO `sys_dict_data` VALUES (1358458785168179202, 1358457818733428737, '模糊', 'like', 2, '模糊', 0, '2021-02-08 00:53:08', 1265476890672672808, '2021-02-13 23:35:46', 1265476890672672808);
INSERT INTO `sys_dict_data` VALUES (1358460475682406401, 1358094419419750401, '多选框', 'checkbox', 100, '多选框', 0, '2021-02-08 00:59:51', 1265476890672672808, NULL, NULL);
INSERT INTO `sys_dict_data` VALUES (1358460819019743233, 1358094419419750401, '数字输入框', 'inputnumber', 100, '数字输入框', 0, '2021-02-08 01:01:13', 1265476890672672808, NULL, NULL);
INSERT INTO `sys_dict_data` VALUES (1358470210267725826, 1358470065111252994, 'Long', 'Long', 100, 'Long', 0, '2021-02-08 01:38:32', 1265476890672672808, NULL, NULL);
INSERT INTO `sys_dict_data` VALUES (1358470239351029762, 1358470065111252994, 'String', 'String', 100, 'String', 0, '2021-02-08 01:38:39', 1265476890672672808, NULL, NULL);
INSERT INTO `sys_dict_data` VALUES (1358470265640927233, 1358470065111252994, 'Date', 'Date', 100, 'Date', 0, '2021-02-08 01:38:45', 1265476890672672808, NULL, NULL);
INSERT INTO `sys_dict_data` VALUES (1358470300168437761, 1358470065111252994, 'Integer', 'Integer', 100, 'Integer', 0, '2021-02-08 01:38:53', 1265476890672672808, NULL, NULL);
INSERT INTO `sys_dict_data` VALUES (1358470697377415169, 1358470065111252994, 'boolean', 'boolean', 100, 'boolean', 0, '2021-02-08 01:40:28', 1265476890672672808, '2021-02-08 01:40:47', 1265476890672672808);
INSERT INTO `sys_dict_data` VALUES (1358471133434036226, 1358470065111252994, 'int', 'int', 100, 'int', 0, '2021-02-08 01:42:12', 1265476890672672808, NULL, NULL);
INSERT INTO `sys_dict_data` VALUES (1358471188291338241, 1358470065111252994, 'double', 'double', 100, 'double', 0, '2021-02-08 01:42:25', 1265476890672672808, NULL, NULL);
INSERT INTO `sys_dict_data` VALUES (1358756511688761346, 1358457818733428737, '大于', 'gt', 3, '大于', 0, '2021-02-08 20:36:12', 1265476890672672808, '2021-02-13 23:45:24', 1265476890672672808);
INSERT INTO `sys_dict_data` VALUES (1358756547159990274, 1358457818733428737, '小于', 'lt', 4, '大于', 0, '2021-02-08 20:36:20', 1265476890672672808, '2021-02-13 23:45:29', 1265476890672672808);
INSERT INTO `sys_dict_data` VALUES (1358756609990664193, 1358457818733428737, '不等于', 'ne', 7, '不等于', 0, '2021-02-08 20:36:35', 1265476890672672808, '2021-02-13 23:45:46', 1265476890672672808);
INSERT INTO `sys_dict_data` VALUES (1358756685030957057, 1358457818733428737, '大于等于', 'ge', 5, '大于等于', 0, '2021-02-08 20:36:53', 1265476890672672808, '2021-02-13 23:45:35', 1265476890672672808);
INSERT INTO `sys_dict_data` VALUES (1358756800525312001, 1358457818733428737, '小于等于', 'le', 6, '小于等于', 0, '2021-02-08 20:37:20', 1265476890672672808, '2021-02-13 23:45:40', 1265476890672672808);
INSERT INTO `sys_dict_data` VALUES (1360529773814083586, 1358094419419750401, '文本域', 'textarea', 100, '文本域', 0, '2021-02-13 18:02:30', 1265476890672672808, NULL, NULL);
INSERT INTO `sys_dict_data` VALUES (1360606105914732545, 1358457818733428737, '不为空', 'isNotNull', 8, '不为空', 0, '2021-02-13 23:05:49', 1265476890672672808, '2021-02-13 23:45:50', 1265476890672672808);

-- ----------------------------
-- Table structure for sys_dict_type
-- ----------------------------
DROP TABLE IF EXISTS `sys_dict_type`;
CREATE TABLE `sys_dict_type`  (
  `id` bigint(0) NOT NULL COMMENT '主键',
  `name` varchar(100) CHARACTER SET utf8mb4 COLLATE utf8mb4_general_ci NOT NULL COMMENT '名称',
  `code` varchar(50) CHARACTER SET utf8mb4 COLLATE utf8mb4_general_ci NOT NULL COMMENT '编码',
  `sort` int(0) NOT NULL COMMENT '排序',
  `remark` varchar(255) CHARACTER SET utf8mb4 COLLATE utf8mb4_general_ci NULL DEFAULT NULL COMMENT '备注',
  `status` tinyint(0) NOT NULL COMMENT '状态（字典 0正常 1停用 2删除）',
  `create_time` datetime(0) NULL DEFAULT NULL COMMENT '创建时间',
  `create_user` bigint(0) NULL DEFAULT NULL COMMENT '创建人',
  `update_time` datetime(0) NULL DEFAULT NULL COMMENT '更新时间',
  `update_user` bigint(0) NULL DEFAULT NULL COMMENT '更新人',
  PRIMARY KEY (`id`) USING BTREE
) ENGINE = InnoDB CHARACTER SET = utf8mb4 COLLATE = utf8mb4_general_ci COMMENT = '系统字典类型表' ROW_FORMAT = Dynamic;

-- ----------------------------
-- Records of sys_dict_type
-- ----------------------------
INSERT INTO `sys_dict_type` VALUES (1265216211667636226, '通用状态', 'common_status', 100, '通用状态', 0, '2020-05-26 17:40:26', 1265476890672672808, '2020-06-08 11:31:47', 1265476890672672808);
INSERT INTO `sys_dict_type` VALUES (1265216211667636234, '性别', 'sex', 100, '性别字典', 0, '2020-04-01 10:12:30', 1265476890672672808, NULL, NULL);
INSERT INTO `sys_dict_type` VALUES (1265216211667636235, '常量的分类', 'consts_type', 100, '常量的分类', 0, '2020-04-14 23:24:13', 1265476890672672808, NULL, NULL);
INSERT INTO `sys_dict_type` VALUES (1265217074079453185, '是否', 'yes_or_no', 100, '是否', 0, '2020-05-26 17:43:52', 1265476890672672808, NULL, NULL);
INSERT INTO `sys_dict_type` VALUES (1265217846770913282, '访问类型', 'vis_type', 100, '访问类型', 0, '2020-05-26 17:46:56', 1265476890672672808, NULL, NULL);
INSERT INTO `sys_dict_type` VALUES (1265221049302372354, '菜单类型', 'menu_type', 100, '菜单类型', 0, '2020-05-26 17:59:39', 1265476890672672808, NULL, NULL);
INSERT INTO `sys_dict_type` VALUES (1265466149622128641, '发送类型', 'send_type', 100, '发送类型', 0, '2020-05-27 10:13:36', 1265476890672672808, NULL, NULL);
INSERT INTO `sys_dict_type` VALUES (1265466752209395713, '打开方式', 'open_type', 100, '打开方式', 0, '2020-05-27 10:16:00', 1265476890672672808, NULL, NULL);
INSERT INTO `sys_dict_type` VALUES (1265467337566461954, '菜单权重', 'menu_weight', 100, '菜单权重', 0, '2020-05-27 10:18:19', 1265476890672672808, NULL, NULL);
INSERT INTO `sys_dict_type` VALUES (1265468028632571905, '数据范围类型', 'data_scope_type', 100, '数据范围类型', 0, '2020-05-27 10:21:04', 1265476890672672808, NULL, NULL);
INSERT INTO `sys_dict_type` VALUES (1265468437904367618, '短信发送来源', 'sms_send_source', 100, '短信发送来源', 0, '2020-05-27 10:22:42', 1265476890672672808, NULL, NULL);
INSERT INTO `sys_dict_type` VALUES (1275617093517172738, '操作类型', 'op_type', 100, '操作类型', 0, '2020-06-24 10:29:50', 1265476890672672808, NULL, NULL);
INSERT INTO `sys_dict_type` VALUES (1277774529430654977, '文件存储位置', 'file_storage_location', 100, '文件存储位置', 0, '2020-06-30 09:22:42', 1265476890672672808, NULL, NULL);
INSERT INTO `sys_dict_type` VALUES (1278606951432855553, '运行状态', 'run_status', 100, '定时任务运行状态', 0, '2020-07-02 16:30:27', 1265476890672672808, NULL, NULL);
INSERT INTO `sys_dict_type` VALUES (1278911800547147777, '通知公告类型', 'notice_type', 100, '通知公告类型', 0, '2020-07-03 12:41:49', 1265476890672672808, NULL, NULL);
INSERT INTO `sys_dict_type` VALUES (1278911952657776642, '通知公告状态', 'notice_status', 100, '通知公告状态', 0, '2020-07-03 12:42:25', 1265476890672672808, NULL, NULL);
INSERT INTO `sys_dict_type` VALUES (1291390159941599233, '是否boolean', 'yes_true_false', 100, '是否boolean', 2, '2020-08-06 23:06:22', 1265476890672672808, NULL, NULL);
INSERT INTO `sys_dict_type` VALUES (1334692775158104065, '阅读状态', 'read_status', 100, '阅读状态', 0, '2020-12-04 10:55:30', 1265476890672672808, NULL, NULL);
INSERT INTO `sys_dict_type` VALUES (1340987441098817537, '代码生成方式', 'code_gen_create_type', 100, '代码生成方式', 0, '2020-12-21 19:48:15', 1265476890672672808, NULL, NULL);
INSERT INTO `sys_dict_type` VALUES (1358094419419750401, '代码生成作用类型', 'code_gen_effect_type', 100, '代码生成作用类型', 0, '2021-02-07 00:45:16', 1265476890672672808, '2021-02-08 00:47:48', 1265476890672672808);
INSERT INTO `sys_dict_type` VALUES (1358457818733428737, '代码生成查询类型', 'code_gen_query_type', 100, '代码生成查询类型', 0, '2021-02-08 00:49:18', 1265476890672672808, NULL, NULL);
INSERT INTO `sys_dict_type` VALUES (1358470065111252994, '代码生成java类型', 'code_gen_java_type', 100, '代码生成java类型', 0, '2021-02-08 01:37:57', 1265476890672672808, NULL, NULL);

-- ----------------------------
-- Table structure for sys_emp
-- ----------------------------
DROP TABLE IF EXISTS `sys_emp`;
CREATE TABLE `sys_emp`  (
  `id` bigint(0) NOT NULL COMMENT '主键',
  `job_num` varchar(100) CHARACTER SET utf8mb4 COLLATE utf8mb4_general_ci NULL DEFAULT NULL COMMENT '工号',
  `org_id` bigint(0) NOT NULL COMMENT '所属机构id',
  `org_name` varchar(100) CHARACTER SET utf8mb4 COLLATE utf8mb4_general_ci NOT NULL COMMENT '所属机构名称',
  PRIMARY KEY (`id`) USING BTREE
) ENGINE = InnoDB CHARACTER SET = utf8mb4 COLLATE = utf8mb4_general_ci COMMENT = '员工表' ROW_FORMAT = Dynamic;

-- ----------------------------
-- Records of sys_emp
-- ----------------------------
INSERT INTO `sys_emp` VALUES (1275735541155614721, '', 1265476890672672769, '华夏集团北京分公司');
INSERT INTO `sys_emp` VALUES (1280700700074041345, '', 1265476890672672771, '研发部');
INSERT INTO `sys_emp` VALUES (1280709549107552257, '100', 1265476890672672770, '华夏集团成都分公司');
INSERT INTO `sys_emp` VALUES (1332142087677001730, '', 1265476890672672769, '华夏集团北京分公司');

-- ----------------------------
-- Table structure for sys_emp_ext_org_pos
-- ----------------------------
DROP TABLE IF EXISTS `sys_emp_ext_org_pos`;
CREATE TABLE `sys_emp_ext_org_pos`  (
  `id` bigint(0) NOT NULL COMMENT '主键',
  `emp_id` bigint(0) NOT NULL COMMENT '员工id',
  `org_id` bigint(0) NOT NULL COMMENT '机构id',
  `pos_id` bigint(0) NOT NULL COMMENT '岗位id',
  PRIMARY KEY (`id`) USING BTREE
) ENGINE = InnoDB CHARACTER SET = utf8mb4 COLLATE = utf8mb4_general_ci COMMENT = '员工附属机构岗位表' ROW_FORMAT = Dynamic;

-- ----------------------------
-- Records of sys_emp_ext_org_pos
-- ----------------------------
INSERT INTO `sys_emp_ext_org_pos` VALUES (1332141421759938561, 1280700700074041345, 1265476890672672772, 1265476890672672789);
INSERT INTO `sys_emp_ext_org_pos` VALUES (1332141421776715778, 1280700700074041345, 1265476890672672773, 1265476890672672790);

-- ----------------------------
-- Table structure for sys_emp_pos
-- ----------------------------
DROP TABLE IF EXISTS `sys_emp_pos`;
CREATE TABLE `sys_emp_pos`  (
  `id` bigint(0) NOT NULL COMMENT '主键',
  `emp_id` bigint(0) NOT NULL COMMENT '员工id',
  `pos_id` bigint(0) NOT NULL COMMENT '职位id',
  PRIMARY KEY (`id`) USING BTREE
) ENGINE = InnoDB CHARACTER SET = utf8mb4 COLLATE = utf8mb4_general_ci COMMENT = '员工职位关联表' ROW_FORMAT = Dynamic;

-- ----------------------------
-- Records of sys_emp_pos
-- ----------------------------
INSERT INTO `sys_emp_pos` VALUES (1281042262003867649, 1280709549107552257, 1265476890672672787);
INSERT INTO `sys_emp_pos` VALUES (1332141421789298689, 1280700700074041345, 1265476890672672790);
INSERT INTO `sys_emp_pos` VALUES (1332141567281315841, 1275735541155614721, 1265476890672672787);
INSERT INTO `sys_emp_pos` VALUES (1332214497600180226, 1332142087677001730, 1265476890672672788);

-- ----------------------------
-- Table structure for sys_file_info
-- ----------------------------
DROP TABLE IF EXISTS `sys_file_info`;
CREATE TABLE `sys_file_info`  (
  `id` bigint(0) NOT NULL COMMENT '主键id',
  `file_location` tinyint(0) NOT NULL COMMENT '文件存储位置（1:阿里云，2:腾讯云，3:minio，4:本地）',
  `file_bucket` varchar(1000) CHARACTER SET utf8mb4 COLLATE utf8mb4_general_ci NULL DEFAULT NULL COMMENT '文件仓库',
  `file_origin_name` varchar(100) CHARACTER SET utf8mb4 COLLATE utf8mb4_general_ci NOT NULL COMMENT '文件名称（上传时候的文件名）',
  `file_suffix` varchar(50) CHARACTER SET utf8mb4 COLLATE utf8mb4_general_ci NULL DEFAULT NULL COMMENT '文件后缀',
  `file_size_kb` bigint(0) NULL DEFAULT NULL COMMENT '文件大小kb',
  `file_size_info` varchar(100) CHARACTER SET utf8mb4 COLLATE utf8mb4_general_ci NULL DEFAULT NULL COMMENT '文件大小信息，计算后的',
  `file_object_name` varchar(100) CHARACTER SET utf8mb4 COLLATE utf8mb4_general_ci NOT NULL COMMENT '存储到bucket的名称（文件唯一标识id）',
  `file_path` varchar(1000) CHARACTER SET utf8mb4 COLLATE utf8mb4_general_ci NULL DEFAULT NULL COMMENT '存储路径',
  `create_time` datetime(0) NULL DEFAULT NULL COMMENT '创建时间',
  `create_user` bigint(0) NULL DEFAULT NULL COMMENT '创建用户',
  `update_time` datetime(0) NULL DEFAULT NULL COMMENT '修改时间',
  `update_user` bigint(0) NULL DEFAULT NULL COMMENT '修改用户',
  PRIMARY KEY (`id`) USING BTREE
) ENGINE = InnoDB CHARACTER SET = utf8mb4 COLLATE = utf8mb4_general_ci COMMENT = '文件信息表' ROW_FORMAT = Dynamic;

-- ----------------------------
-- Records of sys_file_info
-- ----------------------------

-- ----------------------------
-- Table structure for sys_menu
-- ----------------------------
DROP TABLE IF EXISTS `sys_menu`;
CREATE TABLE `sys_menu`  (
  `id` bigint(0) NOT NULL COMMENT '主键',
  `pid` bigint(0) NOT NULL COMMENT '父id',
  `pids` text CHARACTER SET utf8mb4 COLLATE utf8mb4_general_ci NOT NULL COMMENT '父ids',
  `name` varchar(100) CHARACTER SET utf8mb4 COLLATE utf8mb4_general_ci NOT NULL COMMENT '名称',
  `code` varchar(50) CHARACTER SET utf8mb4 COLLATE utf8mb4_general_ci NOT NULL COMMENT '编码',
  `type` tinyint(0) NOT NULL DEFAULT 1 COMMENT '菜单类型（字典 0目录 1菜单 2按钮）',
  `icon` varchar(255) CHARACTER SET utf8mb4 COLLATE utf8mb4_general_ci NULL DEFAULT NULL COMMENT '图标',
  `router` varchar(255) CHARACTER SET utf8mb4 COLLATE utf8mb4_general_ci NULL DEFAULT NULL COMMENT '路由地址',
  `permission` varchar(255) CHARACTER SET utf8mb4 COLLATE utf8mb4_general_ci NULL DEFAULT NULL COMMENT '权限标识',
  `application` varchar(50) CHARACTER SET utf8mb4 COLLATE utf8mb4_general_ci NOT NULL COMMENT '应用分类（应用编码）',
  `weight` tinyint(0) NULL DEFAULT NULL COMMENT '权重（字典 1系统权重 2业务权重）',
  `sort` int(0) NOT NULL COMMENT '排序',
  `remark` varchar(255) CHARACTER SET utf8mb4 COLLATE utf8mb4_general_ci NULL DEFAULT NULL COMMENT '备注',
  `status` tinyint(0) NOT NULL DEFAULT 0 COMMENT '状态（字典 0正常 1停用 2删除）',
  `create_time` datetime(0) NULL DEFAULT NULL COMMENT '创建时间',
  `create_user` bigint(0) NULL DEFAULT NULL COMMENT '创建人',
  `update_time` datetime(0) NULL DEFAULT NULL COMMENT '修改时间',
  `update_user` bigint(0) NULL DEFAULT NULL COMMENT '修改人',
  PRIMARY KEY (`id`) USING BTREE
) ENGINE = InnoDB CHARACTER SET = utf8mb4 COLLATE = utf8mb4_general_ci COMMENT = '系统菜单表' ROW_FORMAT = Dynamic;

-- ----------------------------
-- Records of sys_menu
-- ----------------------------
INSERT INTO `sys_menu` VALUES (1264622039642255311, 0, '[0],', '主控面板', 'system_index', 0, 'layui-icon-home', NULL, NULL, 'system', 1, 1, NULL, 0, '2020-05-25 02:19:24', 1265476890672672808, NULL, NULL);
INSERT INTO `sys_menu` VALUES (1264622039642255321, 1264622039642255311, '[0],[1264622039642255311],', '分析页', 'system_index_dashboard', 1, NULL, '/other/dashboardHtml', NULL, 'system', 1, 1, NULL, 0, '2020-05-25 02:21:55', 1265476890672672808, NULL, NULL);
INSERT INTO `sys_menu` VALUES (1264622039642255331, 1264622039642255311, '[0],[1264622039642255311],', '工作台', 'system_index_workplace', 1, NULL, '/other/workplaceHtml', NULL, 'system', 1, 2, NULL, 0, '2020-05-25 02:23:48', 1265476890672672808, NULL, NULL);
INSERT INTO `sys_menu` VALUES (1264622039642255332, 1264622039642255311, '[0],[1264622039642255311],', '控制台', 'system_index_console', 1, NULL, '/other/consoleHtml', NULL, 'system', 1, 3, NULL, 0, '2020-05-25 02:23:48', 1265476890672672808, NULL, NULL);
INSERT INTO `sys_menu` VALUES (1264622039642255341, 0, '[0],', '组织架构', 'sys_mgr', 0, 'layui-icon-user', NULL, NULL, 'system', 1, 2, NULL, 0, '2020-03-27 15:58:16', 1265476890672672808, NULL, NULL);
INSERT INTO `sys_menu` VALUES (1264622039642255351, 1264622039642255341, '[0],[1264622039642255341],', '用户管理', 'sys_user_mgr', 1, NULL, '/sysUser/index', NULL, 'system', 1, 3, NULL, 0, '2020-03-27 16:10:21', 1265476890672672808, NULL, NULL);
INSERT INTO `sys_menu` VALUES (1264622039642255361, 1264622039642255351, '[0],[1264622039642255341],[1264622039642255351],', '用户查询', 'sys_user_mgr_page', 2, NULL, NULL, 'sysUser:page', 'system', 1, 100, NULL, 0, '2020-03-27 16:36:49', 1265476890672672808, NULL, NULL);
INSERT INTO `sys_menu` VALUES (1264622039642255371, 1264622039642255351, '[0],[1264622039642255341],[1264622039642255351],', '用户编辑', 'sys_user_mgr_edit', 2, NULL, NULL, 'sysUser:edit', 'system', 1, 100, NULL, 0, '2020-07-02 12:20:23', 1265476890672672808, NULL, NULL);
INSERT INTO `sys_menu` VALUES (1264622039642255381, 1264622039642255351, '[0],[1264622039642255341],[1264622039642255351],', '用户增加', 'sys_user_mgr_add', 2, NULL, NULL, 'sysUser:add', 'system', 1, 100, NULL, 0, '2020-03-27 16:37:35', 1265476890672672808, NULL, NULL);
INSERT INTO `sys_menu` VALUES (1264622039642255391, 1264622039642255351, '[0],[1264622039642255341],[1264622039642255351],', '用户删除', 'sys_user_mgr_delete', 2, NULL, NULL, 'sysUser:delete', 'system', 1, 100, NULL, 0, '2020-03-27 16:37:58', 1265476890672672808, NULL, NULL);
INSERT INTO `sys_menu` VALUES (1264622039642255401, 1264622039642255351, '[0],[1264622039642255341],[1264622039642255351],', '用户详情', 'sys_user_mgr_detail', 2, NULL, NULL, 'sysUser:detail', 'system', 1, 100, NULL, 0, '2020-03-27 16:38:25', 1265476890672672808, NULL, NULL);
INSERT INTO `sys_menu` VALUES (1264622039642255411, 1264622039642255351, '[0],[1264622039642255341],[1264622039642255351],', '用户导出', 'sys_user_mgr_export', 2, NULL, NULL, 'sysUser:export', 'system', 1, 100, NULL, 0, '2020-07-02 12:21:59', 1265476890672672808, NULL, NULL);
INSERT INTO `sys_menu` VALUES (1264622039642255421, 1264622039642255351, '[0],[1264622039642255341],[1264622039642255351],', '用户选择器', 'sys_user_mgr_selector', 2, NULL, NULL, 'sysUser:selector', 'system', 1, 100, NULL, 0, '2020-07-03 13:30:14', 1265476890672672808, NULL, NULL);
INSERT INTO `sys_menu` VALUES (1264622039642255431, 1264622039642255351, '[0],[1264622039642255341],[1264622039642255351],', '用户授权角色', 'sys_user_mgr_grant_role', 2, NULL, NULL, 'sysUser:grantRole', 'system', 1, 100, NULL, 0, '2020-04-01 09:22:01', 1265476890672672808, NULL, NULL);
INSERT INTO `sys_menu` VALUES (1264622039642255441, 1264622039642255351, '[0],[1264622039642255341],[1264622039642255351],', '用户拥有角色', 'sys_user_mgr_own_role', 2, NULL, NULL, 'sysUser:ownRole', 'system', 1, 100, NULL, 0, '2020-05-29 14:27:22', 1265476890672672808, NULL, NULL);
INSERT INTO `sys_menu` VALUES (1264622039642255451, 1264622039642255351, '[0],[1264622039642255341],[1264622039642255351],', '用户授权数据', 'sys_user_mgr_grant_data', 2, NULL, NULL, 'sysUser:grantData', 'system', 1, 100, NULL, 0, '2020-04-01 09:22:13', 1265476890672672808, NULL, NULL);
INSERT INTO `sys_menu` VALUES (1264622039642255461, 1264622039642255351, '[0],[1264622039642255341],[1264622039642255351],', '用户拥有数据', 'sys_user_mgr_own_data', 2, NULL, NULL, 'sysUser:ownData', 'system', 1, 100, NULL, 0, '2020-05-29 14:27:41', 1265476890672672808, NULL, NULL);
INSERT INTO `sys_menu` VALUES (1264622039642255471, 1264622039642255351, '[0],[1264622039642255341],[1264622039642255351],', '用户更新信息', 'sys_user_mgr_update_info', 2, NULL, NULL, 'sysUser:updateInfo', 'system', 1, 100, NULL, 0, '2020-04-01 16:19:32', 1265476890672672808, NULL, NULL);
INSERT INTO `sys_menu` VALUES (1264622039642255481, 1264622039642255351, '[0],[1264622039642255341],[1264622039642255351],', '用户修改密码', 'sys_user_mgr_update_pwd', 2, NULL, NULL, 'sysUser:updatePwd', 'system', 1, 100, NULL, 0, '2020-04-01 16:20:25', 1265476890672672808, NULL, NULL);
INSERT INTO `sys_menu` VALUES (1264622039642255491, 1264622039642255351, '[0],[1264622039642255341],[1264622039642255351],', '用户修改状态', 'sys_user_mgr_change_status', 2, NULL, NULL, 'sysUser:changeStatus', 'system', 1, 100, NULL, 0, '2020-06-23 11:13:14', 1265476890672672808, NULL, NULL);
INSERT INTO `sys_menu` VALUES (1264622039642255501, 1264622039642255351, '[0],[1264622039642255341],[1264622039642255351],', '用户修改头像', 'sys_user_mgr_update_avatar', 2, NULL, NULL, 'sysUser:updateAvatar', 'system', 1, 100, NULL, 0, '2020-07-02 12:21:42', 1265476890672672808, NULL, NULL);
INSERT INTO `sys_menu` VALUES (1264622039642255511, 1264622039642255351, '[0],[1264622039642255341],[1264622039642255351],', '用户重置密码', 'sys_user_mgr_reset_pwd', 2, NULL, NULL, 'sysUser:resetPwd', 'system', 1, 100, NULL, 0, '2020-05-29 15:01:51', 1265476890672672808, NULL, NULL);
INSERT INTO `sys_menu` VALUES (1264622039642255521, 1264622039642255341, '[0],[1264622039642255341],', '机构管理', 'sys_org_mgr', 1, NULL, '/sysOrg/index', NULL, 'system', 1, 4, NULL, 0, '2020-03-27 17:15:39', 1265476890672672808, NULL, NULL);
INSERT INTO `sys_menu` VALUES (1264622039642255531, 1264622039642255521, '[0],[1264622039642255341],[1264622039642255521]', '机构查询', 'sys_org_mgr_page', 2, NULL, NULL, 'sysOrg:page', 'system', 1, 100, NULL, 0, '2020-03-27 17:17:37', 1265476890672672808, NULL, NULL);
INSERT INTO `sys_menu` VALUES (1264622039642255541, 1264622039642255521, '[0],[1264622039642255341],[1264622039642255521]', '机构列表', 'sys_org_mgr_list', 2, NULL, NULL, 'sysOrg:list', 'system', 1, 100, NULL, 0, '2020-07-02 11:54:26', 1265476890672672808, NULL, NULL);
INSERT INTO `sys_menu` VALUES (1264622039642255551, 1264622039642255521, '[0],[1264622039642255341],[1264622039642255521]', '机构增加', 'sys_org_mgr_add', 2, NULL, NULL, 'sysOrg:add', 'system', 1, 100, NULL, 0, '2020-03-27 17:19:53', 1265476890672672808, NULL, NULL);
INSERT INTO `sys_menu` VALUES (1264622039642255561, 1264622039642255521, '[0],[1264622039642255341],[1264622039642255521]', '机构编辑', 'sys_org_mgr_edit', 2, NULL, NULL, 'sysOrg:edit', 'system', 1, 100, NULL, 0, '2020-07-02 11:54:37', 1265476890672672808, NULL, NULL);
INSERT INTO `sys_menu` VALUES (1264622039642255571, 1264622039642255521, '[0],[1264622039642255341],[1264622039642255521]', '机构删除', 'sys_org_mgr_delete', 2, NULL, NULL, 'sysOrg:delete', 'system', 1, 100, NULL, 0, '2020-03-27 17:20:48', 1265476890672672808, NULL, NULL);
INSERT INTO `sys_menu` VALUES (1264622039642255581, 1264622039642255521, '[0],[1264622039642255341],[1264622039642255521]', '机构详情', 'sys_org_mgr_detail', 2, NULL, NULL, 'sysOrg:detail', 'system', 1, 100, NULL, 0, '2020-03-27 17:21:15', 1265476890672672808, NULL, NULL);
INSERT INTO `sys_menu` VALUES (1264622039642255591, 1264622039642255521, '[0],[1264622039642255341],[1264622039642255521]', '机构树', 'sys_org_mgr_tree', 2, NULL, NULL, 'sysOrg:tree', 'system', 1, 100, NULL, 0, '2020-03-27 17:21:58', 1265476890672672808, NULL, NULL);
INSERT INTO `sys_menu` VALUES (1264622039642255601, 1264622039642255341, '[0],[1264622039642255341],', '职位管理', 'sys_pos_mgr', 1, NULL, '/sysPos/index', NULL, 'system', 1, 5, NULL, 0, '2020-03-27 18:38:31', 1265476890672672808, NULL, NULL);
INSERT INTO `sys_menu` VALUES (1264622039642255611, 1264622039642255601, '[0],[1264622039642255341],[1264622039642255601],', '职位查询', 'sys_pos_mgr_page', 2, NULL, NULL, 'sysPos:page', 'system', 1, 100, NULL, 0, '2020-03-27 18:41:48', 1265476890672672808, NULL, NULL);
INSERT INTO `sys_menu` VALUES (1264622039642255621, 1264622039642255601, '[0],[1264622039642255341],[1264622039642255601],', '职位列表', 'sys_pos_mgr_list', 2, NULL, NULL, 'sysPos:list', 'system', 1, 100, NULL, 0, '2020-07-02 11:55:57', 1265476890672672808, NULL, NULL);
INSERT INTO `sys_menu` VALUES (1264622039642255631, 1264622039642255601, '[0],[1264622039642255341],[1264622039642255601],', '职位增加', 'sys_pos_mgr_add', 2, NULL, NULL, 'sysPos:add', 'system', 1, 100, NULL, 0, '2020-03-27 18:42:20', 1265476890672672808, NULL, NULL);
INSERT INTO `sys_menu` VALUES (1264622039642255641, 1264622039642255601, '[0],[1264622039642255341],[1264622039642255601],', '职位编辑', 'sys_pos_mgr_edit', 2, NULL, NULL, 'sysPos:edit', 'system', 1, 100, NULL, 0, '2020-07-02 11:56:08', 1265476890672672808, NULL, NULL);
INSERT INTO `sys_menu` VALUES (1264622039642255651, 1264622039642255601, '[0],[1264622039642255341],[1264622039642255601],', '职位删除', 'sys_pos_mgr_delete', 2, NULL, NULL, 'sysPos:delete', 'system', 1, 100, NULL, 0, '2020-03-27 18:42:39', 1265476890672672808, NULL, NULL);
INSERT INTO `sys_menu` VALUES (1264622039642255661, 1264622039642255601, '[0],[1264622039642255341],[1264622039642255601],', '职位详情', 'sys_pos_mgr_detail', 2, NULL, NULL, 'sysPos:detail', 'system', 1, 100, NULL, 0, '2020-03-27 18:43:00', 1265476890672672808, NULL, NULL);
INSERT INTO `sys_menu` VALUES (1264622039642255671, 0, '[0],', '权限管理', 'auth_manager', 0, 'layui-icon-auz', NULL, NULL, 'system', 1, 3, NULL, 0, '2020-07-15 15:51:57', 1265476890672672808, NULL, NULL);
INSERT INTO `sys_menu` VALUES (1264622039642255681, 1264622039642255671, '[0],[1264622039642255671],', '应用管理', 'sys_app_mgr', 1, NULL, '/sysApp/index', NULL, 'system', 1, 6, NULL, 0, '2020-03-27 16:40:21', 1265476890672672808, NULL, NULL);
INSERT INTO `sys_menu` VALUES (1264622039642255691, 1264622039642255681, '[0],[1264622039642255671],[1264622039642255681],', '应用查询', 'sys_app_mgr_page', 2, NULL, NULL, 'sysApp:page', 'system', 1, 100, NULL, 0, '2020-03-27 16:41:58', 1265476890672672808, NULL, NULL);
INSERT INTO `sys_menu` VALUES (1264622039642255701, 1264622039642255681, '[0],[1264622039642255671],[1264622039642255681],', '应用列表', 'sys_app_mgr_list', 2, NULL, NULL, 'sysApp:list', 'system', 1, 100, NULL, 0, '2020-07-02 10:04:59', 1265476890672672808, NULL, NULL);
INSERT INTO `sys_menu` VALUES (1264622039642255711, 1264622039642255681, '[0],[1264622039642255671],[1264622039642255681],', '应用增加', 'sys_app_mgr_add', 2, NULL, NULL, 'sysApp:add', 'system', 1, 100, NULL, 0, '2020-03-27 16:44:10', 1265476890672672808, NULL, NULL);
INSERT INTO `sys_menu` VALUES (1264622039642255721, 1264622039642255681, '[0],[1264622039642255671],[1264622039642255681],', '应用编辑', 'sys_app_mgr_edit', 2, NULL, NULL, 'sysApp:edit', 'system', 1, 100, NULL, 0, '2020-07-02 10:04:34', 1265476890672672808, NULL, NULL);
INSERT INTO `sys_menu` VALUES (1264622039642255731, 1264622039642255681, '[0],[1264622039642255671],[1264622039642255681],', '应用删除', 'sys_app_mgr_delete', 2, NULL, NULL, 'sysApp:delete', 'system', 1, 100, NULL, 0, '2020-03-27 17:14:29', 1265476890672672808, NULL, NULL);
INSERT INTO `sys_menu` VALUES (1264622039642255741, 1264622039642255681, '[0],[1264622039642255671],[1264622039642255681],', '应用详情', 'sys_app_mgr_detail', 2, NULL, NULL, 'sysApp:detail', 'system', 1, 100, NULL, 0, '2020-03-27 17:14:56', 1265476890672672808, NULL, NULL);
INSERT INTO `sys_menu` VALUES (1264622039642255751, 1264622039642255681, '[0],[1264622039642255671],[1264622039642255681],', '设为默认应用', 'sys_app_mgr_set_as_default', 2, NULL, NULL, 'sysApp:setAsDefault', 'system', 1, 100, NULL, 0, '2020-03-27 17:14:56', 1265476890672672808, NULL, NULL);
INSERT INTO `sys_menu` VALUES (1264622039642255761, 1264622039642255671, '[0],[1264622039642255671],', '菜单管理', 'sys_menu_mgr', 1, NULL, '/sysMenu/index', NULL, 'system', 1, 7, NULL, 0, '2020-03-27 18:44:35', 1265476890672672808, NULL, NULL);
INSERT INTO `sys_menu` VALUES (1264622039642255771, 1264622039642255761, '[0],[1264622039642255671],[1264622039642255761],', '菜单列表', 'sys_menu_mgr_page', 2, NULL, NULL, 'sysMenu:page', 'system', 1, 100, NULL, 0, '2020-03-27 18:45:20', 1265476890672672808, NULL, NULL);
INSERT INTO `sys_menu` VALUES (1264622039642255781, 1264622039642255761, '[0],[1264622039642255671],[1264622039642255761],', '菜单增加', 'sys_menu_mgr_add', 2, NULL, NULL, 'sysMenu:add', 'system', 1, 100, NULL, 0, '2020-03-27 18:45:37', 1265476890672672808, NULL, NULL);
INSERT INTO `sys_menu` VALUES (1264622039642255791, 1264622039642255761, '[0],[1264622039642255671],[1264622039642255761],', '菜单编辑', 'sys_menu_mgr_edit', 2, NULL, NULL, 'sysMenu:edit', 'system', 1, 100, NULL, 0, '2020-07-02 11:52:00', 1265476890672672808, NULL, NULL);
INSERT INTO `sys_menu` VALUES (1264622039642255801, 1264622039642255761, '[0],[1264622039642255671],[1264622039642255761],', '菜单删除', 'sys_menu_mgr_delete', 2, NULL, NULL, 'sysMenu:delete', 'system', 1, 100, NULL, 0, '2020-03-27 18:46:01', 1265476890672672808, NULL, NULL);
INSERT INTO `sys_menu` VALUES (1264622039642255811, 1264622039642255761, '[0],[1264622039642255671],[1264622039642255761],', '菜单详情', 'sys_menu_mgr_detail', 2, NULL, NULL, 'sysMenu:detail', 'system', 1, 100, NULL, 0, '2020-03-27 18:46:22', 1265476890672672808, NULL, NULL);
INSERT INTO `sys_menu` VALUES (1264622039642255821, 1264622039642255761, '[0],[1264622039642255671],[1264622039642255761],', '菜单授权树', 'sys_menu_mgr_grant_tree', 2, NULL, NULL, 'sysMenu:treeForGrant', 'system', 1, 100, NULL, 0, '2020-06-03 09:50:31', 1265476890672672808, NULL, NULL);
INSERT INTO `sys_menu` VALUES (1264622039642255831, 1264622039642255761, '[0],[1264622039642255671],[1264622039642255761],', '菜单树', 'sys_menu_mgr_tree', 2, NULL, NULL, 'sysMenu:tree', 'system', 1, 100, NULL, 0, '2020-03-27 18:47:50', 1265476890672672808, NULL, NULL);
INSERT INTO `sys_menu` VALUES (1264622039642255841, 1264622039642255761, '[0],[1264622039642255671],[1264622039642255761],', '菜单切换', 'sys_menu_mgr_change', 2, NULL, NULL, 'sysMenu:change', 'system', 1, 100, NULL, 0, '2020-06-03 09:51:43', 1265476890672672808, NULL, NULL);
INSERT INTO `sys_menu` VALUES (1264622039642255851, 1264622039642255671, '[0],[1264622039642255671],', '角色管理', 'sys_role_mgr', 1, NULL, '/sysRole/index', NULL, 'system', 1, 8, NULL, 0, '2020-03-28 16:01:09', 1265476890672672808, NULL, NULL);
INSERT INTO `sys_menu` VALUES (1264622039642255861, 1264622039642255851, '[0],[1264622039642255671],[1264622039642255851],', '角色查询', 'sys_role_mgr_page', 2, NULL, NULL, 'sysRole:page', 'system', 1, 100, NULL, 0, '2020-03-28 16:02:09', 1265476890672672808, NULL, NULL);
INSERT INTO `sys_menu` VALUES (1264622039642255871, 1264622039642255851, '[0],[1264622039642255671],[1264622039642255851],', '角色增加', 'sys_role_mgr_add', 2, NULL, NULL, 'sysRole:add', 'system', 1, 100, NULL, 0, '2020-03-28 16:02:27', 1265476890672672808, NULL, NULL);
INSERT INTO `sys_menu` VALUES (1264622039642255881, 1264622039642255851, '[0],[1264622039642255671],[1264622039642255851],', '角色编辑', 'sys_role_mgr_edit', 2, NULL, NULL, 'sysRole:edit', 'system', 1, 100, NULL, 0, '2020-07-02 11:57:27', 1265476890672672808, NULL, NULL);
INSERT INTO `sys_menu` VALUES (1264622039642255891, 1264622039642255851, '[0],[1264622039642255671],[1264622039642255851],', '角色删除', 'sys_role_mgr_delete', 2, NULL, NULL, 'sysRole:delete', 'system', 1, 100, NULL, 0, '2020-03-28 16:02:46', 1265476890672672808, NULL, NULL);
INSERT INTO `sys_menu` VALUES (1264622039642255901, 1264622039642255851, '[0],[1264622039642255671],[1264622039642255851],', '角色详情', 'sys_role_mgr_detail', 2, NULL, NULL, 'sysRole:detail', 'system', 1, 100, NULL, 0, '2020-03-28 16:03:01', 1265476890672672808, NULL, NULL);
INSERT INTO `sys_menu` VALUES (1264622039642255911, 1264622039642255851, '[0],[1264622039642255671],[1264622039642255851],', '角色下拉', 'sys_role_mgr_drop_down', 2, NULL, NULL, 'sysRole:dropDown', 'system', 1, 100, NULL, 0, '2020-05-29 15:45:39', 1265476890672672808, NULL, NULL);
INSERT INTO `sys_menu` VALUES (1264622039642255921, 1264622039642255851, '[0],[1264622039642255671],[1264622039642255851],', '角色授权菜单', 'sys_role_mgr_grant_menu', 2, NULL, NULL, 'sysRole:grantMenu', 'system', 1, 100, NULL, 0, '2020-04-01 09:16:27', 1265476890672672808, NULL, NULL);
INSERT INTO `sys_menu` VALUES (1264622039642255931, 1264622039642255851, '[0],[1264622039642255671],[1264622039642255851],', '角色拥有菜单', 'sys_role_mgr_own_menu', 2, NULL, NULL, 'sysRole:ownMenu', 'system', 1, 100, NULL, 0, '2020-05-29 14:21:54', 1265476890672672808, NULL, NULL);
INSERT INTO `sys_menu` VALUES (1264622039642255941, 1264622039642255851, '[0],[1264622039642255671],[1264622039642255851],', '角色授权数据', 'sys_role_mgr_grant_data', 2, NULL, NULL, 'sysRole:grantData', 'system', 1, 100, NULL, 0, '2020-04-01 09:16:56', 1265476890672672808, NULL, NULL);
INSERT INTO `sys_menu` VALUES (1264622039642255951, 1264622039642255851, '[0],[1264622039642255671],[1264622039642255851],', '角色拥有数据', 'sys_role_mgr_own_data', 2, NULL, NULL, 'sysRole:ownData', 'system', 1, 100, NULL, 0, '2020-05-29 14:23:08', 1265476890672672808, NULL, NULL);
INSERT INTO `sys_menu` VALUES (1264622039642255961, 0, '[0],', '开发管理', 'system_tools', 0, 'layui-icon-code-circle', NULL, NULL, 'system', 1, 4, NULL, 0, '2020-05-25 02:10:55', 1265476890672672808, NULL, NULL);
INSERT INTO `sys_menu` VALUES (1264622039642255971, 1264622039642255961, '[0],[1264622039642255961],', '系统配置', 'system_tools_config', 1, NULL, '/sysConfig/index', NULL, 'system', 1, 9, NULL, 0, '2020-05-25 02:12:56', 1265476890672672808, NULL, NULL);
INSERT INTO `sys_menu` VALUES (1264622039642255981, 1264622039642255971, '[0],[1264622039642255961],[1264622039642255971],', '配置查询', 'system_tools_config_page', 2, NULL, NULL, 'sysConfig:page', 'system', 1, 100, NULL, 0, '2020-05-27 17:02:22', 1265476890672672808, NULL, NULL);
INSERT INTO `sys_menu` VALUES (1264622039642255991, 1264622039642255971, '[0],[1264622039642255961],[1264622039642255971],', '配置列表', 'system_tools_config_list', 2, NULL, NULL, 'sysConfig:list', 'system', 1, 100, NULL, 0, '2020-05-27 17:02:42', 1265476890672672808, NULL, NULL);
INSERT INTO `sys_menu` VALUES (1264622039642256001, 1264622039642255971, '[0],[1264622039642255961],[1264622039642255971],', '配置增加', 'system_tools_config_add', 2, NULL, NULL, 'sysConfig:add', 'system', 1, 100, NULL, 0, '2020-05-27 17:03:31', 1265476890672672808, NULL, NULL);
INSERT INTO `sys_menu` VALUES (1264622039642256011, 1264622039642255971, '[0],[1264622039642255961],[1264622039642255971],', '配置编辑', 'system_tools_config_edit', 2, NULL, NULL, 'sysConfig:edit', 'system', 1, 100, NULL, 0, '2020-05-27 17:03:55', 1265476890672672808, NULL, NULL);
INSERT INTO `sys_menu` VALUES (1264622039642256021, 1264622039642255971, '[0],[1264622039642255961],[1264622039642255971],', '配置删除', 'system_tools_config_delete', 2, NULL, NULL, 'sysConfig:delete', 'system', 1, 100, NULL, 0, '2020-05-27 17:03:44', 1265476890672672808, NULL, NULL);
INSERT INTO `sys_menu` VALUES (1264622039642256031, 1264622039642255971, '[0],[1264622039642255961],[1264622039642255971],', '配置详情', 'system_tools_config_detail', 2, NULL, NULL, 'sysConfig:detail', 'system', 1, 100, NULL, 0, '2020-05-27 17:02:59', 1265476890672672808, NULL, NULL);
INSERT INTO `sys_menu` VALUES (1264622039642256041, 1264622039642255961, '[0],[1264622039642255961],', '邮件发送', 'sys_email_mgr', 1, NULL, '/sysEmail/index', NULL, 'system', 1, 10, NULL, 0, '2020-07-02 11:44:21', 1265476890672672808, NULL, NULL);
INSERT INTO `sys_menu` VALUES (1264622039642256051, 1264622039642256041, '[0],[1264622039642255961],[1264622039642256041],', '发送文本邮件', 'sys_email_mgr_send_email', 2, NULL, NULL, 'sysEmail:sendEmail', 'system', 1, 100, NULL, 0, '2020-07-02 11:45:39', 1265476890672672808, NULL, NULL);
INSERT INTO `sys_menu` VALUES (1264622039642256061, 1264622039642256041, '[0],[1264622039642255961],[1264622039642256041],', '发送html邮件', 'sys_email_mgr_send_email_html', 2, NULL, NULL, 'sysEmail:sendEmailHtml', 'system', 1, 100, NULL, 0, '2020-07-02 11:45:57', 1265476890672672808, NULL, NULL);
INSERT INTO `sys_menu` VALUES (1264622039642256071, 1264622039642255961, '[0],[1264622039642255961],', '短信管理', 'sys_sms_mgr', 1, NULL, '/sysSms/index', NULL, 'system', 1, 11, NULL, 0, '2020-07-02 12:00:12', 1265476890672672808, NULL, NULL);
INSERT INTO `sys_menu` VALUES (1264622039642256081, 1264622039642256071, '[0],[1264622039642255961],[1264622039642256071],', '短信发送查询', 'sys_sms_mgr_page', 2, NULL, NULL, 'sysSms:page', 'system', 1, 100, NULL, 0, '2020-07-02 12:16:56', 1265476890672672808, NULL, NULL);
INSERT INTO `sys_menu` VALUES (1264622039642256091, 1264622039642256071, '[0],[1264622039642255961],[1264622039642256071],', '发送验证码短信', 'sys_sms_mgr_send_login_message', 2, NULL, NULL, 'sysSms:sendLoginMessage', 'system', 1, 100, NULL, 0, '2020-07-02 12:02:31', 1265476890672672808, NULL, NULL);
INSERT INTO `sys_menu` VALUES (1264622039642256101, 1264622039642256071, '[0],[1264622039642255961],[1264622039642256071],', '验证短信验证码', 'sys_sms_mgr_validate_message', 2, NULL, NULL, 'sysSms:validateMessage', 'system', 1, 100, NULL, 0, '2020-07-02 12:02:50', 1265476890672672808, NULL, NULL);
INSERT INTO `sys_menu` VALUES (1264622039642256111, 1264622039642255961, '[0],[1264622039642255961],', '字典管理', 'sys_dict_mgr', 1, NULL, '/sysDictType/index', NULL, 'system', 1, 12, NULL, 0, '2020-04-01 11:17:26', 1265476890672672808, NULL, NULL);
INSERT INTO `sys_menu` VALUES (1264622039642256121, 1264622039642256111, '[0],[1264622039642255961],[1264622039642256111],', '字典类型查询', 'sys_dict_mgr_dict_type_page', 2, NULL, NULL, 'sysDictType:page', 'system', 1, 100, NULL, 0, '2020-04-01 11:20:22', 1265476890672672808, NULL, NULL);
INSERT INTO `sys_menu` VALUES (1264622039642256131, 1264622039642256111, '[0],[1264622039642255961],[1264622039642256111],', '字典类型列表', 'sys_dict_mgr_dict_type_list', 2, NULL, NULL, 'sysDictType:list', 'system', 1, 100, NULL, 0, '2020-05-29 15:12:35', 1265476890672672808, NULL, NULL);
INSERT INTO `sys_menu` VALUES (1264622039642256141, 1264622039642256111, '[0],[1264622039642255961],[1264622039642256111],', '字典类型增加', 'sys_dict_mgr_dict_type_add', 2, NULL, NULL, 'sysDictType:add', 'system', 1, 100, NULL, 0, '2020-04-01 11:19:58', 1265476890672672808, NULL, NULL);
INSERT INTO `sys_menu` VALUES (1264622039642256151, 1264622039642256111, '[0],[1264622039642255961],[1264622039642256111],', '字典类型删除', 'sys_dict_mgr_dict_type_delete', 2, NULL, NULL, 'sysDictType:delete', 'system', 1, 100, NULL, 0, '2020-04-01 11:21:30', 1265476890672672808, NULL, NULL);
INSERT INTO `sys_menu` VALUES (1264622039642256161, 1264622039642256111, '[0],[1264622039642255961],[1264622039642256111],', '字典类型编辑', 'sys_dict_mgr_dict_type_edit', 2, NULL, NULL, 'sysDictType:edit', 'system', 1, 100, NULL, 0, '2020-04-01 11:21:42', 1265476890672672808, NULL, NULL);
INSERT INTO `sys_menu` VALUES (1264622039642256171, 1264622039642256111, '[0],[1264622039642255961],[1264622039642256111],', '字典类型详情', 'sys_dict_mgr_dict_type_detail', 2, NULL, NULL, 'sysDictType:detail', 'system', 1, 100, NULL, 0, '2020-04-01 11:22:06', 1265476890672672808, NULL, NULL);
INSERT INTO `sys_menu` VALUES (1264622039642256181, 1264622039642256111, '[0],[1264622039642255961],[1264622039642256111],', '字典类型下拉', 'sys_dict_mgr_dict_type_drop_down', 2, NULL, NULL, 'sysDictType:dropDown', 'system', 1, 100, NULL, 0, '2020-04-01 11:22:23', 1265476890672672808, NULL, NULL);
INSERT INTO `sys_menu` VALUES (1264622039642256191, 1264622039642256111, '[0],[1264622039642255961],[1264622039642256111],', '字典类型修改状态', 'sys_dict_mgr_dict_type_change_status', 2, NULL, NULL, 'sysDictType:changeStatus', 'system', 1, 100, NULL, 0, '2020-06-23 11:15:50', 1265476890672672808, NULL, NULL);
INSERT INTO `sys_menu` VALUES (1264622039642256201, 1264622039642256111, '[0],[1264622039642255961],[1264622039642256111],', '字典值查询', 'sys_dict_mgr_dict_page', 2, NULL, NULL, 'sysDictData:page', 'system', 1, 100, NULL, 0, '2020-04-01 11:23:11', 1265476890672672808, NULL, NULL);
INSERT INTO `sys_menu` VALUES (1264622039642256211, 1264622039642256111, '[0],[1264622039642255961],[1264622039642256111],', '字典值列表', 'sys_dict_mgr_dict_list', 2, NULL, NULL, 'sysDictData:list', 'system', 1, 100, NULL, 0, '2020-04-01 11:24:58', 1265476890672672808, NULL, NULL);
INSERT INTO `sys_menu` VALUES (1264622039642256221, 1264622039642256111, '[0],[1264622039642255961],[1264622039642256111],', '字典值增加', 'sys_dict_mgr_dict_add', 2, NULL, NULL, 'sysDictData:add', 'system', 1, 100, NULL, 0, '2020-04-01 11:22:51', 1265476890672672808, NULL, NULL);
INSERT INTO `sys_menu` VALUES (1264622039642256231, 1264622039642256111, '[0],[1264622039642255961],[1264622039642256111],', '字典值删除', 'sys_dict_mgr_dict_delete', 2, NULL, NULL, 'sysDictData:delete', 'system', 1, 100, NULL, 0, '2020-04-01 11:23:26', 1265476890672672808, NULL, NULL);
INSERT INTO `sys_menu` VALUES (1264622039642256241, 1264622039642256111, '[0],[1264622039642255961],[1264622039642256111],', '字典值编辑', 'sys_dict_mgr_dict_edit', 2, NULL, NULL, 'sysDictData:edit', 'system', 1, 100, NULL, 0, '2020-04-01 11:24:21', 1265476890672672808, NULL, NULL);
INSERT INTO `sys_menu` VALUES (1264622039642256251, 1264622039642256111, '[0],[1264622039642255961],[1264622039642256111],', '字典值详情', 'sys_dict_mgr_dict_detail', 2, NULL, NULL, 'sysDictData:detail', 'system', 1, 100, NULL, 0, '2020-04-01 11:24:42', 1265476890672672808, NULL, NULL);
INSERT INTO `sys_menu` VALUES (1264622039642256261, 1264622039642256111, '[0],[1264622039642255961],[1264622039642256111],', '字典值修改状态', 'sys_dict_mgr_dict_change_status', 2, NULL, NULL, 'sysDictData:changeStatus', 'system', 1, 100, NULL, 0, '2020-06-23 11:17:53', 1265476890672672808, NULL, NULL);
INSERT INTO `sys_menu` VALUES (1264622039642256271, 1264622039642255961, '[0],[1264622039642255961],', '接口文档', 'sys_swagger_mgr', 1, NULL, '/doc.html', NULL, 'system', 1, 13, NULL, 0, '2020-07-02 12:16:56', 1265476890672672808, NULL, NULL);
INSERT INTO `sys_menu` VALUES (1264622039642256281, 0, '[0],', '日志管理', 'sys_log_mgr', 0, 'layui-icon-log', NULL, NULL, 'system', 1, 5, NULL, 0, '2020-04-01 09:25:01', 1265476890672672808, NULL, NULL);
INSERT INTO `sys_menu` VALUES (1264622039642256291, 1264622039642256281, '[0],[1264622039642256281],', '访问日志', 'sys_log_mgr_vis_log', 1, NULL, '/sysVisLog/index', NULL, 'system', 1, 14, NULL, 0, '2020-04-01 09:26:40', 1265476890672672808, NULL, NULL);
INSERT INTO `sys_menu` VALUES (1264622039642256301, 1264622039642256291, '[0],[1264622039642256281],[1264622039642256291],', '访问日志查询', 'sys_log_mgr_vis_log_page', 2, NULL, NULL, 'sysVisLog:page', 'system', 1, 100, NULL, 0, '2020-07-02 09:55:51', 1265476890672672808, NULL, NULL);
INSERT INTO `sys_menu` VALUES (1264622039642256311, 1264622039642256291, '[0],[1264622039642256281],[1264622039642256291],', '访问日志清空', 'sys_log_mgr_vis_log_delete', 2, NULL, NULL, 'sysVisLog:delete', 'system', 1, 100, NULL, 0, '2020-07-02 09:56:57', 1265476890672672808, NULL, NULL);
INSERT INTO `sys_menu` VALUES (1264622039642256321, 1264622039642256281, '[0],[1264622039642256281],', '操作日志', 'sys_log_mgr_op_log', 1, NULL, '/sysOpLog/index', NULL, 'system', 1, 15, NULL, 0, '2020-04-01 09:26:59', 1265476890672672808, NULL, NULL);
INSERT INTO `sys_menu` VALUES (1264622039642256331, 1264622039642256321, '[0],[1264622039642256281],[1264622039642256321],', '操作日志查询', 'sys_log_mgr_op_log_page', 2, NULL, NULL, 'sysOpLog:page', 'system', 1, 100, NULL, 0, '2020-07-02 09:57:39', 1265476890672672808, NULL, NULL);
INSERT INTO `sys_menu` VALUES (1264622039642256341, 1264622039642256321, '[0],[1264622039642256281],[1264622039642256321],', '操作日志清空', 'sys_log_mgr_op_log_delete', 2, NULL, NULL, 'sysOpLog:delete', 'system', 1, 100, NULL, 0, '2020-07-02 09:58:13', 1265476890672672808, NULL, NULL);
INSERT INTO `sys_menu` VALUES (1264622039642256351, 0, '[0],', '系统监控', 'sys_monitor_mgr', 0, 'layui-icon-chart-screen', NULL, NULL, 'system', 1, 6, NULL, 0, '2020-06-05 16:00:50', 1265476890672672808, NULL, NULL);
INSERT INTO `sys_menu` VALUES (1264622039642256361, 1264622039642256351, '[0],[1264622039642256351],', '服务监控', 'sys_monitor_mgr_machine_monitor', 1, NULL, '/sysMachine/index', NULL, 'system', 1, 16, NULL, 0, '2020-06-05 16:02:38', 1265476890672672808, NULL, NULL);
INSERT INTO `sys_menu` VALUES (1264622039642256371, 1264622039642256361, '[0],[1264622039642256351],[1264622039642256361],', '服务监控查询', 'sys_monitor_mgr_machine_monitor_query', 2, NULL, NULL, 'sysMachine:query', 'system', 1, 100, NULL, 0, '2020-06-05 16:05:33', 1265476890672672808, NULL, NULL);
INSERT INTO `sys_menu` VALUES (1264622039642256381, 1264622039642256351, '[0],[1264622039642256351],', '在线用户', 'sys_monitor_mgr_online_user', 1, NULL, '/sysOnlineUser/index', NULL, 'system', 1, 17, NULL, 0, '2020-06-05 16:01:55', 1265476890672672808, NULL, NULL);
INSERT INTO `sys_menu` VALUES (1264622039642256391, 1264622039642256381, '[0],[1264622039642256351],[1264622039642256381],', '在线用户列表', 'sys_monitor_mgr_online_user_list', 2, NULL, NULL, 'sysOnlineUser:list', 'system', 1, 100, NULL, 0, '2020-06-05 16:03:46', 1265476890672672808, NULL, NULL);
INSERT INTO `sys_menu` VALUES (1264622039642256401, 1264622039642256381, '[0],[1264622039642256351],[1264622039642256381],', '在线用户强退', 'sys_monitor_mgr_online_user_force_exist', 2, NULL, NULL, 'sysOnlineUser:forceExist', 'system', 1, 100, NULL, 0, '2020-06-05 16:04:16', 1265476890672672808, NULL, NULL);
INSERT INTO `sys_menu` VALUES (1264622039642256411, 1264622039642256351, '[0],[1264622039642256351],', '数据监控', 'sys_monitor_mgr_druid', 1, NULL, '/druid', NULL, 'system', 1, 18, NULL, 0, '2020-06-28 16:15:07', 1265476890672672808, '2020-09-13 09:39:10', 1265476890672672808);
INSERT INTO `sys_menu` VALUES (1264622039642256421, 0, '[0],', '通知公告', 'sys_notice', 0, 'layui-icon-speaker', NULL, NULL, 'system', 1, 7, NULL, 0, '2020-06-29 15:41:53', 1265476890672672808, NULL, NULL);
INSERT INTO `sys_menu` VALUES (1264622039642256431, 1264622039642256421, '[0],[1264622039642256421],', '公告管理', 'sys_notice_mgr', 1, NULL, '/sysNotice/index', NULL, 'system', 1, 19, NULL, 0, '2020-06-29 15:44:24', 1265476890672672808, NULL, NULL);
INSERT INTO `sys_menu` VALUES (1264622039642256441, 1264622039642256431, '[0],[1264622039642256421],[1264622039642256431],', '公告查询', 'sys_notice_mgr_page', 2, NULL, NULL, 'sysNotice:page', 'system', 1, 100, NULL, 2, '2020-06-29 15:45:30', 1265476890672672808, NULL, NULL);
INSERT INTO `sys_menu` VALUES (1264622039642256451, 1264622039642256431, '[0],[1264622039642256421],[1264622039642256431],', '公告增加', 'sys_notice_mgr_add', 2, NULL, NULL, 'sysNotice:add', 'system', 1, 100, NULL, 0, '2020-06-29 15:45:57', 1265476890672672808, NULL, NULL);
INSERT INTO `sys_menu` VALUES (1264622039642256461, 1264622039642256431, '[0],[1264622039642256421],[1264622039642256431],', '公告编辑', 'sys_notice_mgr_edit', 2, NULL, NULL, 'sysNotice:edit', 'system', 1, 100, NULL, 0, '2020-06-29 15:46:22', 1265476890672672808, NULL, NULL);
INSERT INTO `sys_menu` VALUES (1264622039642256471, 1264622039642256431, '[0],[1264622039642256421],[1264622039642256431],', '公告删除', 'sys_notice_mgr_delete', 2, NULL, NULL, 'sysNotice:delete', 'system', 1, 100, NULL, 0, '2020-06-29 15:46:11', 1265476890672672808, NULL, NULL);
INSERT INTO `sys_menu` VALUES (1264622039642256481, 1264622039642256431, '[0],[1264622039642256421],[1264622039642256431],', '公告查看', 'sys_notice_mgr_detail', 2, NULL, NULL, 'sysNotice:detail', 'system', 1, 100, NULL, 0, '2020-06-29 15:46:33', 1265476890672672808, NULL, NULL);
INSERT INTO `sys_menu` VALUES (1264622039642256491, 1264622039642256431, '[0],[1264622039642256421],[1264622039642256431],', '公告修改状态', 'sys_notice_mgr_changeStatus', 2, NULL, NULL, 'sysNotice:changeStatus', 'system', 1, 100, NULL, 0, '2020-06-29 15:46:50', 1265476890672672808, NULL, NULL);
INSERT INTO `sys_menu` VALUES (1264622039642256501, 1264622039642256421, '[0],[1264622039642256421],', '已收公告', 'sys_notice_mgr_received', 1, NULL, '/sysNotice/receivedPage', NULL, 'system', 1, 20, NULL, 0, '2020-06-29 16:32:53', 1265476890672672808, NULL, NULL);
INSERT INTO `sys_menu` VALUES (1264622039642256511, 1264622039642256501, '[0],[1264622039642256421],[1264622039642256501],', '已收公告查询', 'sys_notice_mgr_received_page', 2, NULL, NULL, 'sysNotice:received', 'system', 1, 100, NULL, 0, '2020-06-29 16:33:43', 1265476890672672808, NULL, NULL);
INSERT INTO `sys_menu` VALUES (1264622039642256521, 0, '[0],', '文件管理', 'sys_file_mgr', 0, 'layui-icon-file', NULL, NULL, 'system', 1, 8, NULL, 0, '2020-06-24 17:31:10', 1265476890672672808, NULL, NULL);
INSERT INTO `sys_menu` VALUES (1264622039642256531, 1264622039642256521, '[0],[1264622039642256521],', '系统文件', 'sys_file_mgr_sys_file', 1, NULL, '/sysFileInfo/index', NULL, 'system', 1, 21, NULL, 0, '2020-06-24 17:32:57', 1265476890672672808, NULL, NULL);
INSERT INTO `sys_menu` VALUES (1264622039642256541, 1264622039642256531, '[0],[1264622039642256521],[1264622039642256531],', '文件查询', 'sys_file_mgr_sys_file_page', 2, NULL, NULL, 'sysFileInfo:page', 'system', 1, 100, NULL, 0, '2020-06-24 17:35:38', 1265476890672672808, NULL, NULL);
INSERT INTO `sys_menu` VALUES (1264622039642256551, 1264622039642256531, '[0],[1264622039642256521],[1264622039642256531],', '文件列表', 'sys_file_mgr_sys_file_list', 2, NULL, NULL, 'sysFileInfo:list', 'system', 1, 100, NULL, 0, '2020-06-24 17:35:49', 1265476890672672808, NULL, NULL);
INSERT INTO `sys_menu` VALUES (1264622039642256561, 1264622039642256531, '[0],[1264622039642256521],[1264622039642256531],', '文件删除', 'sys_file_mgr_sys_file_delete', 2, NULL, NULL, 'sysFileInfo:delete', 'system', 1, 100, NULL, 0, '2020-06-24 17:36:11', 1265476890672672808, NULL, NULL);
INSERT INTO `sys_menu` VALUES (1264622039642256571, 1264622039642256531, '[0],[1264622039642256521],[1264622039642256531],', '文件详情', 'sys_file_mgr_sys_file_detail', 2, NULL, NULL, 'sysFileInfo:detail', 'system', 1, 100, NULL, 0, '2020-06-24 17:36:01', 1265476890672672808, NULL, NULL);
INSERT INTO `sys_menu` VALUES (1264622039642256581, 1264622039642256531, '[0],[1264622039642256521],[1264622039642256531],', '文件上传', 'sys_file_mgr_sys_file_upload', 2, NULL, NULL, 'sysFileInfo:upload', 'system', 1, 100, NULL, 0, '2020-06-24 17:34:29', 1265476890672672808, NULL, NULL);
INSERT INTO `sys_menu` VALUES (1264622039642256591, 1264622039642256531, '[0],[1264622039642256521],[1264622039642256531],', '文件下载', 'sys_file_mgr_sys_file_download', 2, NULL, NULL, 'sysFileInfo:download', 'system', 1, 100, NULL, 0, '2020-06-24 17:34:55', 1265476890672672808, NULL, NULL);
INSERT INTO `sys_menu` VALUES (1264622039642256601, 1264622039642256531, '[0],[1264622039642256521],[1264622039642256531],', '图片预览', 'sys_file_mgr_sys_file_preview', 2, NULL, NULL, 'sysFileInfo:preview', 'system', 1, 100, NULL, 0, '2020-06-24 17:35:19', 1265476890672672808, NULL, NULL);
INSERT INTO `sys_menu` VALUES (1264622039642256602, 1264622039642256521, '[0],[1264622039642256521],', '在线文档', 'sys_file_mgr_sys_online_file', 1, NULL, '/sysFileInfo/onlineIndex', NULL, 'system', 1, 21, NULL, 0, '2020-06-24 17:32:57', 1265476890672672808, NULL, NULL);
INSERT INTO `sys_menu` VALUES (1264622039642256611, 0, '[0],', '定时任务', 'sys_timers', 0, 'layui-icon-console', NULL, NULL, 'system', 1, 100, NULL, 0, '2020-07-01 17:17:20', 1265476890672672808, NULL, NULL);
INSERT INTO `sys_menu` VALUES (1264622039642256621, 1264622039642256611, '[0],[1264622039642256611],', '任务管理', 'sys_timers_mgr', 1, NULL, '/sysTimers/index', NULL, 'system', 1, 22, NULL, 0, '2020-07-01 17:18:53', 1265476890672672808, NULL, NULL);
INSERT INTO `sys_menu` VALUES (1264622039642256631, 1264622039642256621, '[0],[1264622039642256611],[1264622039642256621],', '定时任务查询', 'sys_timers_mgr_page', 2, NULL, NULL, 'sysTimers:page', 'system', 1, 100, NULL, 0, '2020-07-01 17:19:43', 1265476890672672808, NULL, NULL);
INSERT INTO `sys_menu` VALUES (1264622039642256641, 1264622039642256621, '[0],[1264622039642256611],[1264622039642256621],', '定时任务列表', 'sys_timers_mgr_list', 2, NULL, NULL, 'sysTimers:list', 'system', 1, 100, NULL, 0, '2020-07-01 17:19:56', 1265476890672672808, NULL, NULL);
INSERT INTO `sys_menu` VALUES (1264622039642256651, 1264622039642256621, '[0],[1264622039642256611],[1264622039642256621],', '定时任务详情', 'sys_timers_mgr_detail', 2, NULL, NULL, 'sysTimers:detail', 'system', 1, 100, NULL, 0, '2020-07-01 17:20:10', 1265476890672672808, NULL, NULL);
INSERT INTO `sys_menu` VALUES (1264622039642256661, 1264622039642256621, '[0],[1264622039642256611],[1264622039642256621],', '定时任务增加', 'sys_timers_mgr_add', 2, NULL, NULL, 'sysTimers:add', 'system', 1, 100, NULL, 0, '2020-07-01 17:20:23', 1265476890672672808, NULL, NULL);
INSERT INTO `sys_menu` VALUES (1264622039642256671, 1264622039642256621, '[0],[1264622039642256611],[1264622039642256621],', '定时任务删除', 'sys_timers_mgr_delete', 2, NULL, NULL, 'sysTimers:delete', 'system', 1, 100, NULL, 0, '2020-07-01 17:20:33', 1265476890672672808, NULL, NULL);
INSERT INTO `sys_menu` VALUES (1264622039642256681, 1264622039642256621, '[0],[1264622039642256611],[1264622039642256621],', '定时任务编辑', 'sys_timers_mgr_edit', 2, NULL, NULL, 'sysTimers:edit', 'system', 1, 100, NULL, 0, '2020-07-01 17:20:43', 1265476890672672808, NULL, NULL);
INSERT INTO `sys_menu` VALUES (1264622039642256691, 1264622039642256621, '[0],[1264622039642256611],[1264622039642256621],', '定时任务可执行列表', 'sys_timers_mgr_get_action_classes', 2, NULL, NULL, 'sysTimers:getActionClasses', 'system', 1, 100, NULL, 0, '2020-07-01 17:22:16', 1265476890672672808, NULL, NULL);
INSERT INTO `sys_menu` VALUES (1264622039642256701, 1264622039642256621, '[0],[1264622039642256611],[1264622039642256621],', '定时任务启动', 'sys_timers_mgr_start', 2, NULL, NULL, 'sysTimers:start', 'system', 1, 100, NULL, 0, '2020-07-01 17:22:32', 1265476890672672808, NULL, NULL);
INSERT INTO `sys_menu` VALUES (1264622039642256711, 1264622039642256621, '[0],[1264622039642256611],[1264622039642256621],', '定时任务关闭', 'sys_timers_mgr_stop', 2, NULL, NULL, 'sysTimers:stop', 'system', 1, 100, NULL, 0, '2020-07-01 17:22:43', 1265476890672672808, NULL, NULL);
INSERT INTO `sys_menu` VALUES (1264622039642256721, 0, '[0],', '系统区域', 'sys_area', 0, 'layui-icon-console', NULL, NULL, 'system', 1, 100, NULL, 0, '2020-07-01 17:17:20', 1265476890672672808, NULL, NULL);
INSERT INTO `sys_menu` VALUES (1264622039642256731, 1264622039642256721, '[0],[1264622039642256721],', '区域管理', 'sys_area_mgr', 1, NULL, '/sysArea/index', NULL, 'system', 1, 100, NULL, 0, '2020-07-01 17:17:20', 1265476890672672808, NULL, NULL);
INSERT INTO `sys_menu` VALUES (1264622039642256741, 1264622039642256721, '[0],[1264622039642256721],', '区域选择', 'sys_area_select', 1, NULL, '/sysArea/select', NULL, 'system', 1, 100, NULL, 0, '2020-07-01 17:17:20', 1265476890672672808, NULL, NULL);
INSERT INTO `sys_menu` VALUES (1264622039642256751, 1264622039642256731, '[0],[1264622039642256721],[1264622039642256731],', '系统区域查询', 'sys_area_mgr_page', 2, NULL, NULL, 'sysArea:page', 'system', 1, 100, NULL, 0, '2020-07-01 17:19:43', 1265476890672672808, NULL, NULL);
INSERT INTO `sys_menu` VALUES (1338864007892807681, 0, '[0],', '代码生成', 'code_generate', 1, 'layui-icon-app', '/codeGenerate/index', '', 'systool', 1, 1, '代码生成1级菜单', 0, '2020-12-15 23:10:29', 1265476890672672808, '2020-12-15 23:54:55', 1265476890672672808);

-- ----------------------------
-- Table structure for sys_message
-- ----------------------------
DROP TABLE IF EXISTS `sys_message`;
CREATE TABLE `sys_message`  (
  `id` bigint(0) NOT NULL COMMENT '消息id',
  `title` varchar(50) CHARACTER SET utf8mb4 COLLATE utf8mb4_general_ci NULL DEFAULT NULL COMMENT '消息标题',
  `content` text CHARACTER SET utf8mb4 COLLATE utf8mb4_general_ci NULL COMMENT '消息内容',
  `type` int(0) NULL DEFAULT NULL COMMENT '消息类别，字典（1通知 2私信 3待办）',
  `send_type` int(0) NULL DEFAULT NULL COMMENT '发送类别，字典（1直接发送 2定时发送）',
  `business_data` varchar(1000) CHARACTER SET utf8mb4 COLLATE utf8mb4_general_ci NULL DEFAULT NULL COMMENT '业务数据，JSON格式',
  `send_time` datetime(0) NULL DEFAULT NULL COMMENT '发送时间',
  PRIMARY KEY (`id`) USING BTREE
) ENGINE = InnoDB CHARACTER SET = utf8mb4 COLLATE = utf8mb4_general_ci COMMENT = '消息表' ROW_FORMAT = Dynamic;

-- ----------------------------
-- Records of sys_message
-- ----------------------------

-- ----------------------------
-- Table structure for sys_message_user
-- ----------------------------
DROP TABLE IF EXISTS `sys_message_user`;
CREATE TABLE `sys_message_user`  (
  `id` bigint(0) NOT NULL COMMENT '主键',
  `message_id` bigint(0) NOT NULL COMMENT '消息id',
  `sender_id` bigint(0) NOT NULL COMMENT '发送人id，系统发送则为-1',
  `receiver_id` bigint(0) NOT NULL COMMENT '接收人id',
  `status` tinyint(0) NOT NULL COMMENT '状态（字典 0未读 1已读）',
  PRIMARY KEY (`id`) USING BTREE
) ENGINE = InnoDB CHARACTER SET = utf8mb4 COLLATE = utf8mb4_general_ci COMMENT = '消息人员关联表' ROW_FORMAT = Dynamic;

-- ----------------------------
-- Records of sys_message_user
-- ----------------------------

-- ----------------------------
-- Table structure for sys_notice
-- ----------------------------
DROP TABLE IF EXISTS `sys_notice`;
CREATE TABLE `sys_notice`  (
  `id` bigint(0) NOT NULL COMMENT '主键',
  `title` varchar(1000) CHARACTER SET utf8mb4 COLLATE utf8mb4_general_ci NULL DEFAULT NULL COMMENT '标题',
  `content` text CHARACTER SET utf8mb4 COLLATE utf8mb4_general_ci NULL COMMENT '内容',
  `type` tinyint(0) NOT NULL COMMENT '类型（字典 1通知 2公告）',
  `public_user_id` bigint(0) NOT NULL COMMENT '发布人id',
  `public_user_name` varchar(100) CHARACTER SET utf8mb4 COLLATE utf8mb4_general_ci NOT NULL COMMENT '发布人姓名',
  `public_org_id` bigint(0) NULL DEFAULT NULL COMMENT '发布机构id',
  `public_org_name` varchar(50) CHARACTER SET utf8mb4 COLLATE utf8mb4_general_ci NULL DEFAULT NULL COMMENT '发布机构名称',
  `public_time` datetime(0) NULL DEFAULT NULL COMMENT '发布时间',
  `cancel_time` datetime(0) NULL DEFAULT NULL COMMENT '撤回时间',
  `status` tinyint(0) NOT NULL COMMENT '状态（字典 0草稿 1发布 2撤回 3删除）',
  `create_time` datetime(0) NULL DEFAULT NULL COMMENT '创建时间',
  `create_user` bigint(0) NULL DEFAULT NULL COMMENT '创建人',
  `update_time` datetime(0) NULL DEFAULT NULL COMMENT '修改时间',
  `update_user` bigint(0) NULL DEFAULT NULL COMMENT '修改人',
  PRIMARY KEY (`id`) USING BTREE
) ENGINE = InnoDB CHARACTER SET = utf8mb4 COLLATE = utf8mb4_general_ci COMMENT = '通知表' ROW_FORMAT = Dynamic;

-- ----------------------------
-- Records of sys_notice
-- ----------------------------

-- ----------------------------
-- Table structure for sys_notice_user
-- ----------------------------
DROP TABLE IF EXISTS `sys_notice_user`;
CREATE TABLE `sys_notice_user`  (
  `id` bigint(0) NOT NULL COMMENT '主键',
  `notice_id` bigint(0) NOT NULL COMMENT '通知公告id',
  `user_id` bigint(0) NOT NULL COMMENT '用户id',
  `status` tinyint(0) NOT NULL COMMENT '状态（字典 0未读 1已读）',
  `read_time` datetime(0) NULL DEFAULT NULL COMMENT '阅读时间',
  PRIMARY KEY (`id`) USING BTREE
) ENGINE = InnoDB CHARACTER SET = utf8mb4 COLLATE = utf8mb4_general_ci COMMENT = '系统用户数据范围表' ROW_FORMAT = Dynamic;

-- ----------------------------
-- Records of sys_notice_user
-- ----------------------------

-- ----------------------------
-- Table structure for sys_oauth_user
-- ----------------------------
DROP TABLE IF EXISTS `sys_oauth_user`;
CREATE TABLE `sys_oauth_user`  (
  `id` bigint(0) NOT NULL COMMENT '主键',
  `uuid` varchar(255) CHARACTER SET utf8mb4 COLLATE utf8mb4_general_ci NOT NULL COMMENT '第三方平台的用户唯一id',
  `access_token` varchar(255) CHARACTER SET utf8mb4 COLLATE utf8mb4_general_ci NULL DEFAULT NULL COMMENT '用户授权的token',
  `nick_name` varchar(255) CHARACTER SET utf8mb4 COLLATE utf8mb4_general_ci NULL DEFAULT NULL COMMENT '昵称',
  `avatar` varchar(500) CHARACTER SET utf8mb4 COLLATE utf8mb4_general_ci NULL DEFAULT NULL COMMENT '头像',
  `blog` varchar(255) CHARACTER SET utf8mb4 COLLATE utf8mb4_general_ci NULL DEFAULT NULL COMMENT '用户网址',
  `company` varchar(255) CHARACTER SET utf8mb4 COLLATE utf8mb4_general_ci NULL DEFAULT NULL COMMENT '所在公司',
  `location` varchar(255) CHARACTER SET utf8mb4 COLLATE utf8mb4_general_ci NULL DEFAULT NULL COMMENT '位置',
  `email` varchar(255) CHARACTER SET utf8mb4 COLLATE utf8mb4_general_ci NULL DEFAULT NULL COMMENT '邮箱',
  `gender` varchar(50) CHARACTER SET utf8mb4 COLLATE utf8mb4_general_ci NULL DEFAULT NULL COMMENT '性别',
  `source` varchar(255) CHARACTER SET utf8mb4 COLLATE utf8mb4_general_ci NULL DEFAULT NULL COMMENT '用户来源',
  `remark` varchar(255) CHARACTER SET utf8mb4 COLLATE utf8mb4_general_ci NULL DEFAULT NULL COMMENT '用户备注（各平台中的用户个人介绍）',
  `create_time` datetime(0) NULL DEFAULT NULL COMMENT '创建时间',
  `create_user` bigint(0) NULL DEFAULT NULL COMMENT '创建用户',
  `update_time` datetime(0) NULL DEFAULT NULL COMMENT '更新时间',
  `update_user` bigint(0) NULL DEFAULT NULL COMMENT '更新用户',
  PRIMARY KEY (`id`) USING BTREE
) ENGINE = InnoDB CHARACTER SET = utf8mb4 COLLATE = utf8mb4_general_ci COMMENT = '第三方认证用户信息表' ROW_FORMAT = Dynamic;

-- ----------------------------
-- Records of sys_oauth_user
-- ----------------------------

-- ----------------------------
-- Table structure for sys_op_log
-- ----------------------------
DROP TABLE IF EXISTS `sys_op_log`;
CREATE TABLE `sys_op_log`  (
  `id` bigint(0) NOT NULL COMMENT '主键',
  `name` varchar(50) CHARACTER SET utf8mb4 COLLATE utf8mb4_general_ci NULL DEFAULT NULL COMMENT '名称',
  `op_type` tinyint(0) NULL DEFAULT NULL COMMENT '操作类型',
  `success` char(1) CHARACTER SET utf8mb4 COLLATE utf8mb4_general_ci NULL DEFAULT NULL COMMENT '是否执行成功（Y-是，N-否）',
  `message` text CHARACTER SET utf8mb4 COLLATE utf8mb4_general_ci NULL COMMENT '具体消息',
  `ip` varchar(255) CHARACTER SET utf8mb4 COLLATE utf8mb4_general_ci NULL DEFAULT NULL COMMENT 'ip',
  `location` varchar(255) CHARACTER SET utf8mb4 COLLATE utf8mb4_general_ci NULL DEFAULT NULL COMMENT '地址',
  `browser` varchar(255) CHARACTER SET utf8mb4 COLLATE utf8mb4_general_ci NULL DEFAULT NULL COMMENT '浏览器',
  `os` varchar(255) CHARACTER SET utf8mb4 COLLATE utf8mb4_general_ci NULL DEFAULT NULL COMMENT '操作系统',
  `url` varchar(500) CHARACTER SET utf8mb4 COLLATE utf8mb4_general_ci NULL DEFAULT NULL COMMENT '请求地址',
  `class_name` varchar(500) CHARACTER SET utf8mb4 COLLATE utf8mb4_general_ci NULL DEFAULT NULL COMMENT '类名称',
  `method_name` varchar(500) CHARACTER SET utf8mb4 COLLATE utf8mb4_general_ci NULL DEFAULT NULL COMMENT '方法名称',
  `req_method` varchar(255) CHARACTER SET utf8mb4 COLLATE utf8mb4_general_ci NULL DEFAULT NULL COMMENT '请求方式（GET POST PUT DELETE)',
  `param` text CHARACTER SET utf8mb4 COLLATE utf8mb4_general_ci NULL COMMENT '请求参数',
  `result` longtext CHARACTER SET utf8mb4 COLLATE utf8mb4_general_ci NULL COMMENT '返回结果',
  `op_time` datetime(0) NULL DEFAULT NULL COMMENT '操作时间',
  `account` varchar(50) CHARACTER SET utf8mb4 COLLATE utf8mb4_general_ci NULL DEFAULT NULL COMMENT '操作账号',
  PRIMARY KEY (`id`) USING BTREE
) ENGINE = InnoDB CHARACTER SET = utf8mb4 COLLATE = utf8mb4_general_ci COMMENT = '系统操作日志表' ROW_FORMAT = Dynamic;

-- ----------------------------
-- Records of sys_op_log
-- ----------------------------

-- ----------------------------
-- Table structure for sys_org
-- ----------------------------
DROP TABLE IF EXISTS `sys_org`;
CREATE TABLE `sys_org`  (
  `id` bigint(0) NOT NULL COMMENT '主键',
  `pid` bigint(0) NOT NULL COMMENT '父id',
  `pids` text CHARACTER SET utf8mb4 COLLATE utf8mb4_general_ci NOT NULL COMMENT '父ids',
  `name` varchar(100) CHARACTER SET utf8mb4 COLLATE utf8mb4_general_ci NOT NULL COMMENT '名称',
  `code` varchar(50) CHARACTER SET utf8mb4 COLLATE utf8mb4_general_ci NOT NULL COMMENT '编码',
  `sort` int(0) NOT NULL COMMENT '排序',
  `remark` varchar(255) CHARACTER SET utf8mb4 COLLATE utf8mb4_general_ci NULL DEFAULT NULL COMMENT '描述',
  `status` tinyint(0) NOT NULL DEFAULT 0 COMMENT '状态（字典 0正常 1停用 2删除）',
  `create_time` datetime(0) NULL DEFAULT NULL COMMENT '创建时间',
  `create_user` bigint(0) NULL DEFAULT NULL COMMENT '创建人',
  `update_time` datetime(0) NULL DEFAULT NULL COMMENT '更新时间',
  `update_user` bigint(0) NULL DEFAULT NULL COMMENT '更新人',
  PRIMARY KEY (`id`) USING BTREE
) ENGINE = InnoDB CHARACTER SET = utf8mb4 COLLATE = utf8mb4_general_ci COMMENT = '系统组织机构表' ROW_FORMAT = Dynamic;

-- ----------------------------
-- Records of sys_org
-- ----------------------------
INSERT INTO `sys_org` VALUES (1265476890651701250, 0, '[0],', '华夏集团', 'hxjt', 100, '华夏集团总公司', 0, '2020-03-26 16:50:53', 1265476890672672808, NULL, NULL);
INSERT INTO `sys_org` VALUES (1265476890672672769, 1265476890651701250, '[0],[1265476890651701250],', '华夏集团北京分公司', 'hxjt_bj', 100, '华夏集团北京分公司', 0, '2020-03-26 16:55:42', 1265476890672672808, NULL, NULL);
INSERT INTO `sys_org` VALUES (1265476890672672770, 1265476890651701250, '[0],[1265476890651701250],', '华夏集团成都分公司', 'hxjt_cd', 100, '华夏集团成都分公司', 0, '2020-03-26 16:56:02', 1265476890672672808, NULL, NULL);
INSERT INTO `sys_org` VALUES (1265476890672672771, 1265476890672672769, '[0],[1265476890651701250],[1265476890672672769],', '研发部', 'hxjt_bj_yfb', 100, '华夏集团北京分公司研发部', 0, '2020-03-26 16:56:36', 1265476890672672808, NULL, NULL);
INSERT INTO `sys_org` VALUES (1265476890672672772, 1265476890672672769, '[0],[1265476890651701250],[1265476890672672769],', '企划部', 'hxjt_bj_qhb', 100, '华夏集团北京分公司企划部', 0, '2020-03-26 16:57:06', 1265476890672672808, NULL, NULL);
INSERT INTO `sys_org` VALUES (1265476890672672773, 1265476890672672770, '[0],[1265476890651701250],[1265476890672672770],', '市场部', 'hxjt_cd_scb', 100, '华夏集团成都分公司市场部', 0, '2020-03-26 16:57:35', 1265476890672672808, NULL, NULL);
INSERT INTO `sys_org` VALUES (1265476890672672774, 1265476890672672770, '[0],[1265476890651701250],[1265476890672672770],', '财务部', 'hxjt_cd_cwb', 100, '华夏集团成都分公司财务部', 0, '2020-03-26 16:58:01', 1265476890672672808, NULL, NULL);
INSERT INTO `sys_org` VALUES (1265476890672672775, 1265476890672672773, '[0],[1265476890651701250],[1265476890672672770],[1265476890672672773],', '市场部二部', 'hxjt_cd_scb_2b', 100, '华夏集团成都分公司市场部二部', 0, '2020-04-06 15:36:50', 1265476890672672808, NULL, NULL);

-- ----------------------------
-- Table structure for sys_pos
-- ----------------------------
DROP TABLE IF EXISTS `sys_pos`;
CREATE TABLE `sys_pos`  (
  `id` bigint(0) NOT NULL COMMENT '主键',
  `name` varchar(100) CHARACTER SET utf8mb4 COLLATE utf8mb4_general_ci NOT NULL COMMENT '名称',
  `code` varchar(50) CHARACTER SET utf8mb4 COLLATE utf8mb4_general_ci NOT NULL COMMENT '编码',
  `sort` int(0) NOT NULL COMMENT '排序',
  `remark` varchar(255) CHARACTER SET utf8mb4 COLLATE utf8mb4_general_ci NULL DEFAULT NULL COMMENT '备注',
  `status` tinyint(0) NOT NULL DEFAULT 0 COMMENT '状态（字典 0正常 1停用 2删除）',
  `create_time` datetime(0) NULL DEFAULT NULL COMMENT '创建时间',
  `create_user` bigint(0) NULL DEFAULT NULL COMMENT '创建人',
  `update_time` datetime(0) NULL DEFAULT NULL COMMENT '更新时间',
  `update_user` bigint(0) NULL DEFAULT NULL COMMENT '更新人',
  PRIMARY KEY (`id`) USING BTREE,
  UNIQUE INDEX `CODE_UNI`(`code`) USING BTREE
) ENGINE = InnoDB CHARACTER SET = utf8mb4 COLLATE = utf8mb4_general_ci COMMENT = '系统职位表' ROW_FORMAT = Dynamic;

-- ----------------------------
-- Records of sys_pos
-- ----------------------------
INSERT INTO `sys_pos` VALUES (1265476890672672787, '总经理', 'zjl', 100, '总经理职位', 0, '2020-03-26 19:28:54', 1265476890672672808, '2020-06-02 21:01:04', 1265476890672672808);
INSERT INTO `sys_pos` VALUES (1265476890672672788, '副总经理', 'fzjl', 100, '副总经理职位', 0, '2020-03-26 19:29:57', 1265476890672672808, '2020-11-24 11:49:37', 1265476890672672808);
INSERT INTO `sys_pos` VALUES (1265476890672672789, '部门经理', 'bmjl', 100, '部门经理职位', 0, '2020-03-26 19:31:49', 1265476890672672808, '2020-11-24 11:49:48', 1265476890672672808);
INSERT INTO `sys_pos` VALUES (1265476890672672790, '工作人员', 'gzry', 100, '工作人员职位', 0, '2020-05-27 11:32:00', 1265476890672672808, '2020-06-01 10:51:35', 1265476890672672808);

-- ----------------------------
-- Table structure for sys_role
-- ----------------------------
DROP TABLE IF EXISTS `sys_role`;
CREATE TABLE `sys_role`  (
  `id` bigint(0) NOT NULL COMMENT '主键id',
  `name` varchar(100) CHARACTER SET utf8mb4 COLLATE utf8mb4_general_ci NOT NULL COMMENT '名称',
  `code` varchar(50) CHARACTER SET utf8mb4 COLLATE utf8mb4_general_ci NOT NULL COMMENT '编码',
  `sort` int(0) NOT NULL COMMENT '序号',
  `data_scope_type` tinyint(0) NOT NULL DEFAULT 1 COMMENT '数据范围类型（字典 1全部数据 2本部门及以下数据 3本部门数据 4仅本人数据 5自定义数据）',
  `remark` varchar(255) CHARACTER SET utf8mb4 COLLATE utf8mb4_general_ci NULL DEFAULT NULL COMMENT '备注',
  `status` tinyint(0) NOT NULL DEFAULT 0 COMMENT '状态（字典 0正常 1停用 2删除）',
  `create_time` datetime(0) NULL DEFAULT NULL COMMENT '创建时间',
  `create_user` bigint(0) NULL DEFAULT NULL COMMENT '创建人',
  `update_time` datetime(0) NULL DEFAULT NULL COMMENT '更新时间',
  `update_user` bigint(0) NULL DEFAULT NULL COMMENT '更新人',
  PRIMARY KEY (`id`) USING BTREE
) ENGINE = InnoDB CHARACTER SET = utf8mb4 COLLATE = utf8mb4_general_ci COMMENT = '系统角色表' ROW_FORMAT = Dynamic;

-- ----------------------------
-- Records of sys_role
-- ----------------------------
INSERT INTO `sys_role` VALUES (1265476890672672817, '组织架构管理员', 'ent_manager_role', 100, 2, '组织架构管理员', 0, '2020-04-02 19:27:26', 1265476890672672808, '2020-12-09 23:16:09', 1265476890672672808);
INSERT INTO `sys_role` VALUES (1265476890672672818, '权限管理员', 'auth_role', 101, 5, '权限管理员', 0, '2020-04-02 19:28:40', 1265476890672672808, '2020-07-16 10:52:21', 1265476890672672808);

-- ----------------------------
-- Table structure for sys_role_data_scope
-- ----------------------------
DROP TABLE IF EXISTS `sys_role_data_scope`;
CREATE TABLE `sys_role_data_scope`  (
  `id` bigint(0) NOT NULL COMMENT '主键',
  `role_id` bigint(0) NOT NULL COMMENT '角色id',
  `org_id` bigint(0) NOT NULL COMMENT '机构id',
  PRIMARY KEY (`id`) USING BTREE
) ENGINE = InnoDB CHARACTER SET = utf8mb4 COLLATE = utf8mb4_general_ci COMMENT = '系统角色数据范围表' ROW_FORMAT = Dynamic;

-- ----------------------------
-- Records of sys_role_data_scope
-- ----------------------------
INSERT INTO `sys_role_data_scope` VALUES (1277435908822102018, 1265476890672672818, 1265476890651701250);
INSERT INTO `sys_role_data_scope` VALUES (1277435909635796993, 1265476890672672818, 1265476890672672769);
INSERT INTO `sys_role_data_scope` VALUES (1277435910432714754, 1265476890672672818, 1265476890672672771);
INSERT INTO `sys_role_data_scope` VALUES (1277435911233826818, 1265476890672672818, 1265476890672672772);
INSERT INTO `sys_role_data_scope` VALUES (1277435912018161666, 1265476890672672818, 1265476890672672770);
INSERT INTO `sys_role_data_scope` VALUES (1277435912810885122, 1265476890672672818, 1265476890672672773);
INSERT INTO `sys_role_data_scope` VALUES (1277435913595219970, 1265476890672672818, 1265476890672672775);
INSERT INTO `sys_role_data_scope` VALUES (1277435914392137730, 1265476890672672818, 1265476890672672774);
INSERT INTO `sys_role_data_scope` VALUES (1292060127645429762, 1265476890672672819, 1265476890672672774);

-- ----------------------------
-- Table structure for sys_role_menu
-- ----------------------------
DROP TABLE IF EXISTS `sys_role_menu`;
CREATE TABLE `sys_role_menu`  (
  `id` bigint(0) NOT NULL COMMENT '主键',
  `role_id` bigint(0) NOT NULL COMMENT '角色id',
  `menu_id` bigint(0) NOT NULL COMMENT '菜单id',
  PRIMARY KEY (`id`) USING BTREE
) ENGINE = InnoDB CHARACTER SET = utf8mb4 COLLATE = utf8mb4_general_ci COMMENT = '系统角色菜单表' ROW_FORMAT = Dynamic;

-- ----------------------------
-- Records of sys_role_menu
-- ----------------------------
INSERT INTO `sys_role_menu` VALUES (1352553578614542338, 1265476890672672817, 1264622039642255311);
INSERT INTO `sys_role_menu` VALUES (1352553578622930945, 1265476890672672817, 1264622039642255321);
INSERT INTO `sys_role_menu` VALUES (1352553578627125250, 1265476890672672817, 1264622039642255331);
INSERT INTO `sys_role_menu` VALUES (1352553578631319553, 1265476890672672817, 1264622039642255341);
INSERT INTO `sys_role_menu` VALUES (1352553578635513858, 1265476890672672817, 1264622039642255351);
INSERT INTO `sys_role_menu` VALUES (1352553578643902465, 1265476890672672817, 1264622039642255361);
INSERT INTO `sys_role_menu` VALUES (1352553578648096769, 1265476890672672817, 1264622039642255371);
INSERT INTO `sys_role_menu` VALUES (1352553578652291073, 1265476890672672817, 1264622039642255381);
INSERT INTO `sys_role_menu` VALUES (1352553578660679682, 1265476890672672817, 1264622039642255391);
INSERT INTO `sys_role_menu` VALUES (1352553578664873985, 1265476890672672817, 1264622039642255401);
INSERT INTO `sys_role_menu` VALUES (1352553578669068289, 1265476890672672817, 1264622039642255411);
INSERT INTO `sys_role_menu` VALUES (1352553578673262594, 1265476890672672817, 1264622039642255421);
INSERT INTO `sys_role_menu` VALUES (1352553578677456898, 1265476890672672817, 1264622039642255431);
INSERT INTO `sys_role_menu` VALUES (1352553578677456899, 1265476890672672817, 1264622039642255441);
INSERT INTO `sys_role_menu` VALUES (1352553578685845505, 1265476890672672817, 1264622039642255451);
INSERT INTO `sys_role_menu` VALUES (1352553578690039810, 1265476890672672817, 1264622039642255461);
INSERT INTO `sys_role_menu` VALUES (1352553578698428417, 1265476890672672817, 1264622039642255471);
INSERT INTO `sys_role_menu` VALUES (1352553578702622722, 1265476890672672817, 1264622039642255481);
INSERT INTO `sys_role_menu` VALUES (1352553578706817026, 1265476890672672817, 1264622039642255491);
INSERT INTO `sys_role_menu` VALUES (1352553578706817027, 1265476890672672817, 1264622039642255501);
INSERT INTO `sys_role_menu` VALUES (1352553578715205634, 1265476890672672817, 1264622039642255511);
INSERT INTO `sys_role_menu` VALUES (1352553578719399938, 1265476890672672817, 1264622039642255521);
INSERT INTO `sys_role_menu` VALUES (1352553578719399939, 1265476890672672817, 1264622039642255531);
INSERT INTO `sys_role_menu` VALUES (1352553578723594241, 1265476890672672817, 1264622039642255541);
INSERT INTO `sys_role_menu` VALUES (1352553578744565761, 1265476890672672817, 1264622039642255551);
INSERT INTO `sys_role_menu` VALUES (1352553578748760065, 1265476890672672817, 1264622039642255561);
INSERT INTO `sys_role_menu` VALUES (1352553578752954370, 1265476890672672817, 1264622039642255571);
INSERT INTO `sys_role_menu` VALUES (1352553578761342977, 1265476890672672817, 1264622039642255581);
INSERT INTO `sys_role_menu` VALUES (1352553578765537282, 1265476890672672817, 1264622039642255591);
INSERT INTO `sys_role_menu` VALUES (1352553578769731585, 1265476890672672817, 1264622039642255601);
INSERT INTO `sys_role_menu` VALUES (1352553578790703105, 1265476890672672817, 1264622039642255621);
INSERT INTO `sys_role_menu` VALUES (1352553578794897409, 1265476890672672817, 1264622039642255631);
INSERT INTO `sys_role_menu` VALUES (1352553578803286017, 1265476890672672817, 1264622039642255641);
INSERT INTO `sys_role_menu` VALUES (1352553578807480322, 1265476890672672817, 1264622039642255651);
INSERT INTO `sys_role_menu` VALUES (1352553578811674626, 1265476890672672817, 1264622039642255661);
INSERT INTO `sys_role_menu` VALUES (1352553578815868930, 1265476890672672817, 1264622039642255611);
INSERT INTO `sys_role_menu` VALUES (1352553578820063233, 1265476890672672817, 1264622039642256421);
INSERT INTO `sys_role_menu` VALUES (1352553578824257538, 1265476890672672817, 1264622039642256481);
INSERT INTO `sys_role_menu` VALUES (1352553578828451841, 1265476890672672817, 1264622039642256501);
INSERT INTO `sys_role_menu` VALUES (1352553578832646145, 1265476890672672817, 1264622039642256511);
INSERT INTO `sys_role_menu` VALUES (1352553649833824258, 1265476890672672818, 1264622039642255671);
INSERT INTO `sys_role_menu` VALUES (1352553649838018562, 1265476890672672818, 1264622039642255681);
INSERT INTO `sys_role_menu` VALUES (1352553649842212865, 1265476890672672818, 1264622039642255691);
INSERT INTO `sys_role_menu` VALUES (1352553649846407169, 1265476890672672818, 1264622039642255701);
INSERT INTO `sys_role_menu` VALUES (1352553649850601473, 1265476890672672818, 1264622039642255711);
INSERT INTO `sys_role_menu` VALUES (1352553649850601474, 1265476890672672818, 1264622039642255721);
INSERT INTO `sys_role_menu` VALUES (1352553649854795777, 1265476890672672818, 1264622039642255731);
INSERT INTO `sys_role_menu` VALUES (1352553649858990082, 1265476890672672818, 1264622039642255741);
INSERT INTO `sys_role_menu` VALUES (1352553649863184386, 1265476890672672818, 1264622039642255751);
INSERT INTO `sys_role_menu` VALUES (1352553649867378690, 1265476890672672818, 1264622039642255761);
INSERT INTO `sys_role_menu` VALUES (1352553649871572993, 1265476890672672818, 1264622039642255771);
INSERT INTO `sys_role_menu` VALUES (1352553649875767297, 1265476890672672818, 1264622039642255781);
INSERT INTO `sys_role_menu` VALUES (1352553649879961601, 1265476890672672818, 1264622039642255791);
INSERT INTO `sys_role_menu` VALUES (1352553649884155906, 1265476890672672818, 1264622039642255801);
INSERT INTO `sys_role_menu` VALUES (1352553649888350209, 1265476890672672818, 1264622039642255811);
INSERT INTO `sys_role_menu` VALUES (1352553649892544514, 1265476890672672818, 1264622039642255821);
INSERT INTO `sys_role_menu` VALUES (1352553649892544515, 1265476890672672818, 1264622039642255831);
INSERT INTO `sys_role_menu` VALUES (1352553649896738818, 1265476890672672818, 1264622039642255841);
INSERT INTO `sys_role_menu` VALUES (1352553649900933121, 1265476890672672818, 1264622039642255851);
INSERT INTO `sys_role_menu` VALUES (1352553649905127426, 1265476890672672818, 1264622039642255881);
INSERT INTO `sys_role_menu` VALUES (1352553649909321730, 1265476890672672818, 1264622039642255891);
INSERT INTO `sys_role_menu` VALUES (1352553649909321731, 1265476890672672818, 1264622039642255901);
INSERT INTO `sys_role_menu` VALUES (1352553649913516034, 1265476890672672818, 1264622039642255911);
INSERT INTO `sys_role_menu` VALUES (1352553649917710338, 1265476890672672818, 1264622039642255921);
INSERT INTO `sys_role_menu` VALUES (1352553649921904641, 1265476890672672818, 1264622039642255931);
INSERT INTO `sys_role_menu` VALUES (1352553649926098946, 1265476890672672818, 1264622039642255941);
INSERT INTO `sys_role_menu` VALUES (1352553649930293249, 1265476890672672818, 1264622039642255951);
INSERT INTO `sys_role_menu` VALUES (1352553649934487554, 1265476890672672818, 1264622039642255861);
INSERT INTO `sys_role_menu` VALUES (1352553649938681858, 1265476890672672818, 1264622039642255871);
INSERT INTO `sys_role_menu` VALUES (1352553649942876162, 1265476890672672818, 1264622039642256421);
INSERT INTO `sys_role_menu` VALUES (1352553649947070465, 1265476890672672818, 1264622039642256481);
INSERT INTO `sys_role_menu` VALUES (1352553649951264770, 1265476890672672818, 1264622039642256501);
INSERT INTO `sys_role_menu` VALUES (1352553649955459074, 1265476890672672818, 1264622039642256511);

-- ----------------------------
-- Table structure for sys_sms
-- ----------------------------
DROP TABLE IF EXISTS `sys_sms`;
CREATE TABLE `sys_sms`  (
  `id` bigint(0) NOT NULL COMMENT '主键',
  `phone_numbers` varchar(200) CHARACTER SET utf8mb4 COLLATE utf8mb4_general_ci NOT NULL COMMENT '手机号',
  `validate_code` varchar(255) CHARACTER SET utf8mb4 COLLATE utf8mb4_general_ci NULL DEFAULT NULL COMMENT '短信验证码',
  `template_code` varchar(255) CHARACTER SET utf8mb4 COLLATE utf8mb4_general_ci NULL DEFAULT NULL COMMENT '短信模板ID',
  `biz_id` varchar(255) CHARACTER SET utf8mb4 COLLATE utf8mb4_general_ci NULL DEFAULT NULL COMMENT '回执id，可根据该id查询具体的发送状态',
  `status` tinyint(0) NOT NULL COMMENT '发送状态（字典 0 未发送，1 发送成功，2 发送失败，3 失效）',
  `source` tinyint(0) NOT NULL COMMENT '来源（字典 1 app， 2 pc， 3 其他）',
  `invalid_time` datetime(0) NULL DEFAULT NULL COMMENT '失效时间',
  `create_time` datetime(0) NULL DEFAULT CURRENT_TIMESTAMP(0) COMMENT '创建时间',
  `create_user` bigint(0) NULL DEFAULT NULL COMMENT '创建人',
  `update_time` datetime(0) NULL DEFAULT NULL COMMENT '更新时间',
  `update_user` bigint(0) NULL DEFAULT NULL COMMENT '更新人',
  PRIMARY KEY (`id`) USING BTREE
) ENGINE = InnoDB CHARACTER SET = utf8mb4 COLLATE = utf8mb4_general_ci COMMENT = '短信信息发送表' ROW_FORMAT = Dynamic;

-- ----------------------------
-- Records of sys_sms
-- ----------------------------

-- ----------------------------
-- Table structure for sys_timers
-- ----------------------------
DROP TABLE IF EXISTS `sys_timers`;
CREATE TABLE `sys_timers`  (
  `id` bigint(0) NOT NULL COMMENT '定时器id',
  `timer_name` varchar(255) CHARACTER SET utf8mb4 COLLATE utf8mb4_general_ci NULL DEFAULT '' COMMENT '任务名称',
  `action_class` varchar(255) CHARACTER SET utf8mb4 COLLATE utf8mb4_general_ci NULL DEFAULT NULL COMMENT '执行任务的class的类名（实现了TimerTaskRunner接口的类的全称）',
  `cron` varchar(255) CHARACTER SET utf8mb4 COLLATE utf8mb4_general_ci NULL DEFAULT '' COMMENT '定时任务表达式',
  `job_status` tinyint(0) NULL DEFAULT 0 COMMENT '状态（字典 1运行  2停止）',
  `remark` varchar(1000) CHARACTER SET utf8mb4 COLLATE utf8mb4_general_ci NULL DEFAULT '' COMMENT '备注信息',
  `create_time` datetime(0) NULL DEFAULT NULL COMMENT '创建时间',
  `create_user` bigint(0) NULL DEFAULT NULL COMMENT '创建人',
  `update_time` datetime(0) NULL DEFAULT NULL COMMENT '更新时间',
  `update_user` bigint(0) NULL DEFAULT NULL COMMENT '更新人',
  PRIMARY KEY (`id`) USING BTREE
) ENGINE = InnoDB CHARACTER SET = utf8mb4 COLLATE = utf8mb4_general_ci COMMENT = '定时任务' ROW_FORMAT = Dynamic;

-- ----------------------------
-- Records of sys_timers
-- ----------------------------
INSERT INTO `sys_timers` VALUES (1288760324837851137, '定时同步缓存常量', 'vip.xiaonuo.sys.modular.timer.tasks.RefreshConstantsTaskRunner', '0 0/1 * * * ?', 1, '定时同步sys_config表的数据到缓存常量中', '2020-07-30 16:56:20', 1265476890672672808, '2020-07-30 16:58:52', 1265476890672672808);
INSERT INTO `sys_timers` VALUES (1304971718170832898, '定时打印一句话', 'vip.xiaonuo.sys.modular.timer.tasks.SystemOutTaskRunner', '0 0 * * * ? *', 1, '定时打印一句话', '2020-09-13 10:34:37', 1265476890672672808, '2020-09-23 20:37:48', 1265476890672672808);

-- ----------------------------
-- Table structure for sys_user
-- ----------------------------
DROP TABLE IF EXISTS `sys_user`;
CREATE TABLE `sys_user`  (
  `id` bigint(0) NOT NULL COMMENT '主键',
  `account` varchar(50) CHARACTER SET utf8mb4 COLLATE utf8mb4_general_ci NOT NULL COMMENT '账号',
  `password` varchar(100) CHARACTER SET utf8mb4 COLLATE utf8mb4_general_ci NOT NULL COMMENT '密码',
  `nick_name` varchar(50) CHARACTER SET utf8mb4 COLLATE utf8mb4_general_ci NULL DEFAULT NULL COMMENT '昵称',
  `name` varchar(100) CHARACTER SET utf8mb4 COLLATE utf8mb4_general_ci NOT NULL COMMENT '姓名',
  `avatar` bigint(0) NULL DEFAULT NULL COMMENT '头像',
  `birthday` date NULL DEFAULT NULL COMMENT '生日',
  `sex` tinyint(0) NOT NULL COMMENT '性别(字典 1男 2女 3未知)',
  `email` varchar(50) CHARACTER SET utf8mb4 COLLATE utf8mb4_general_ci NULL DEFAULT NULL COMMENT '邮箱',
  `phone` varchar(50) CHARACTER SET utf8mb4 COLLATE utf8mb4_general_ci NULL DEFAULT NULL COMMENT '手机',
  `tel` varchar(50) CHARACTER SET utf8mb4 COLLATE utf8mb4_general_ci NULL DEFAULT NULL COMMENT '电话',
  `last_login_ip` varchar(100) CHARACTER SET utf8mb4 COLLATE utf8mb4_general_ci NULL DEFAULT NULL COMMENT '最后登陆IP',
  `last_login_time` datetime(0) NULL DEFAULT NULL COMMENT '最后登陆时间',
  `admin_type` tinyint(0) NOT NULL DEFAULT 0 COMMENT '管理员类型（0超级管理员 1非管理员）',
  `status` tinyint(0) NOT NULL DEFAULT 0 COMMENT '状态（字典 0正常 1冻结 2删除）',
  `create_time` datetime(0) NULL DEFAULT NULL COMMENT '创建时间',
  `create_user` bigint(0) NULL DEFAULT NULL COMMENT '创建人',
  `update_time` datetime(0) NULL DEFAULT NULL COMMENT '更新时间',
  `update_user` bigint(0) NULL DEFAULT NULL COMMENT '更新人',
  PRIMARY KEY (`id`) USING BTREE
) ENGINE = InnoDB CHARACTER SET = utf8mb4 COLLATE = utf8mb4_general_ci COMMENT = '系统用户表' ROW_FORMAT = Dynamic;

-- ----------------------------
-- Records of sys_user
-- ----------------------------
INSERT INTO `sys_user` VALUES (1265476890672672808, 'superAdmin', '$2a$09$PiCiFNspSlTBE9CakVs8ZOqx0xa03X9wOm01gMasHch4929TpEWCC', '超级管理员', '超级管理员', NULL, '2020-03-18', 1, 'superAdmin@qq.com', '15228937093', '1234567890', '110.184.43.91', '2021-01-22 17:50:10', 1, 0, '2020-05-29 16:39:28', -1, '2021-01-22 17:50:10', -1);
INSERT INTO `sys_user` VALUES (1275735541155614721, 'yubaoshan', '$2a$10$rWns4Vzwlz4/ELVHsgFz1.JfZ93FXMjC2DMIFQLTO6kTIDOSJWpy2', 'Await', '俞宝山', NULL, '1992-10-03', 1, 'await183@qq.com', '18200001102', '', '110.184.43.91', '2021-01-22 17:49:51', 2, 0, '2020-06-24 18:20:30', 1265476890672672808, '2021-01-22 17:49:51', -1);
INSERT INTO `sys_user` VALUES (1280709549107552257, 'xuyuxiang', '$2a$09$PiCiFNspSlTBE9CakVs8ZOqx0xa03X9wOm01gMasHch4929TpEWCC', '就是那个锅', '徐玉祥', NULL, '2020-07-01', 1, NULL, '18200001100', NULL, '110.184.43.91', '2021-01-22 17:48:40', 2, 0, '2020-07-08 11:45:26', 1265476890672672808, '2021-01-22 17:48:40', -1);

-- ----------------------------
-- Table structure for sys_user_data_scope
-- ----------------------------
DROP TABLE IF EXISTS `sys_user_data_scope`;
CREATE TABLE `sys_user_data_scope`  (
  `id` bigint(0) NOT NULL COMMENT '主键',
  `user_id` bigint(0) NOT NULL COMMENT '用户id',
  `org_id` bigint(0) NOT NULL COMMENT '机构id',
  PRIMARY KEY (`id`) USING BTREE
) ENGINE = InnoDB CHARACTER SET = utf8mb4 COLLATE = utf8mb4_general_ci COMMENT = '系统用户数据范围表' ROW_FORMAT = Dynamic;

-- ----------------------------
-- Records of sys_user_data_scope
-- ----------------------------
INSERT INTO `sys_user_data_scope` VALUES (1277459951742840834, 1266277099455635457, 1265476890672672770);
INSERT INTO `sys_user_data_scope` VALUES (1277459952577507330, 1266277099455635457, 1265476890672672773);
INSERT INTO `sys_user_data_scope` VALUES (1277459953424756737, 1266277099455635457, 1265476890672672775);
INSERT INTO `sys_user_data_scope` VALUES (1277459954267811841, 1266277099455635457, 1265476890672672774);
INSERT INTO `sys_user_data_scope` VALUES (1280712071570366466, 1275735541155614721, 1265476890672672769);
INSERT INTO `sys_user_data_scope` VALUES (1280712071570366467, 1275735541155614721, 1265476890672672771);
INSERT INTO `sys_user_data_scope` VALUES (1280712071578755074, 1275735541155614721, 1265476890672672772);

-- ----------------------------
-- Table structure for sys_user_role
-- ----------------------------
DROP TABLE IF EXISTS `sys_user_role`;
CREATE TABLE `sys_user_role`  (
  `id` bigint(0) NOT NULL COMMENT '主键',
  `user_id` bigint(0) NOT NULL COMMENT '用户id',
  `role_id` bigint(0) NOT NULL COMMENT '角色id',
  PRIMARY KEY (`id`) USING BTREE
) ENGINE = InnoDB CHARACTER SET = utf8mb4 COLLATE = utf8mb4_general_ci COMMENT = '系统用户角色表' ROW_FORMAT = Dynamic;

-- ----------------------------
-- Records of sys_user_role
-- ----------------------------
INSERT INTO `sys_user_role` VALUES (1283596900713574402, 1275735541155614721, 1265476890672672817);
INSERT INTO `sys_user_role` VALUES (1283596949627547649, 1280709549107552257, 1265476890672672818);

-- ----------------------------
-- Table structure for sys_vis_log
-- ----------------------------
DROP TABLE IF EXISTS `sys_vis_log`;
CREATE TABLE `sys_vis_log`  (
  `id` bigint(0) NOT NULL COMMENT '主键',
  `name` varchar(50) CHARACTER SET utf8mb4 COLLATE utf8mb4_general_ci NULL DEFAULT NULL COMMENT '名称',
  `success` char(1) CHARACTER SET utf8mb4 COLLATE utf8mb4_general_ci NULL DEFAULT NULL COMMENT '是否执行成功（Y-是，N-否）',
  `message` text CHARACTER SET utf8mb4 COLLATE utf8mb4_general_ci NULL COMMENT '具体消息',
  `ip` varchar(255) CHARACTER SET utf8mb4 COLLATE utf8mb4_general_ci NULL DEFAULT NULL COMMENT 'ip',
  `location` varchar(255) CHARACTER SET utf8mb4 COLLATE utf8mb4_general_ci NULL DEFAULT NULL COMMENT '地址',
  `browser` varchar(255) CHARACTER SET utf8mb4 COLLATE utf8mb4_general_ci NULL DEFAULT NULL COMMENT '浏览器',
  `os` varchar(255) CHARACTER SET utf8mb4 COLLATE utf8mb4_general_ci NULL DEFAULT NULL COMMENT '操作系统',
  `vis_type` tinyint(0) NOT NULL COMMENT '操作类型（字典 1登入 2登出）',
  `vis_time` datetime(0) NULL DEFAULT NULL COMMENT '访问时间',
  `account` varchar(50) CHARACTER SET utf8mb4 COLLATE utf8mb4_general_ci NULL DEFAULT NULL COMMENT '访问账号',
  PRIMARY KEY (`id`) USING BTREE
) ENGINE = InnoDB CHARACTER SET = utf8mb4 COLLATE = utf8mb4_general_ci COMMENT = '系统访问日志表' ROW_FORMAT = Dynamic;

-- ----------------------------
-- Records of sys_vis_log
-- ----------------------------

SET FOREIGN_KEY_CHECKS = 1;
